id,room_code,room_name,room_type,status,created_at,created_by,ended_at,max_participants,music_track
1e8edb8b-587a-46fc-a56b-f71c3f111662,M7OK0X,Acoustic Cozy Space,public,active,2026-06-18 23:22:06,409f7cf6-60b9-4975-9db7-1b0989261ebf,2026-06-18 23:33:06,4,spotify:track:5uVwXyZaBcDeFgHiJkLmNo
72dc3479-6506-45c0-a7ca-62a8cacac53a,0XDHW1,Bollywood Duet,public,active,2026-06-18 23:22:50,4581045e-25d0-4945-bd1c-9ee4b46504dd,2026-06-19 02:54:50,4,spotify:track:7p5Szil7snwdtv8b8b8b8b
5eb3a1ff-6a51-499d-a747-f23d0f5fc3f1,99TR3X,K-Pop Fan Hangout,public,active,2026-06-18 23:23:13,5a7a2ec4-8cc0-42ed-b08b-6489cd016975,2026-06-19 02:13:13,2,spotify:track:3ybr7s4G8SdwDtV2c2c2c2
24b0a815-f474-4b23-b424-d8facfc82425,C7YN2U,Telugu Melodies Vibe,public,active,2026-06-18 23:24:10,2e487b3b-a3e5-48ba-aaae-c5a65e9b612e,2026-06-19 00:25:10,2,spotify:track:1a2b3c4d5e6f7g8h9i0j1k
6906316f-e6a3-40fa-98da-1c352c63b00d,LJ8Z2X,Rock Duo Jam,public,active,2026-06-18 23:24:22,e3f0b9f1-d5c3-48bf-99ef-c6da87251d8f,2026-06-19 02:55:22,4,spotify:track:3ybr7s4G8SdwDtV2c2c2c2
f677959b-bacf-4231-afef-8caf440b562e,8IC3ZF,Jazz Corner Session,private,active,2026-06-18 23:25:41,e9244443-444d-480d-9526-8d4d2d9ff348,2026-06-19 02:00:41,2,spotify:track:3ybr7s4G8SdwDtV2c2c2c2
6e7ef21f-0238-4c17-a9d0-3fc7d7ef224f,K6BAUT,Lo-Fi Focus Partners,public,active,2026-06-18 23:25:52,745e742d-a396-4b5e-b640-95205a85a2b5,2026-06-19 01:38:52,4,spotify:track:5uVwXyZaBcDeFgHiJkLmNo
c53208b5-920e-4a4e-b219-ff646b772d25,HEBE6E,Lo-Fi Focus Partners,private,active,2026-06-18 23:26:43,0208fb1b-e780-4329-9f1e-ac0ac297a660,2026-06-19 02:14:43,2,spotify:track:5uVwXyZaBcDeFgHiJkLmNo
afd003d6-1447-428f-8586-e4ec71a5b0d9,U92W1X,Coding duo,public,active,2026-06-18 23:26:55,a3f3a67c-22a2-418d-a2a5-560fc79e9d37,2026-06-19 02:04:55,2,spotify:track:5uVwXyZaBcDeFgHiJkLmNo
4a067b9e-4e27-40d8-b0c3-d0248b799924,C7COEC,Bollywood Duet,public,active,2026-06-18 23:27:07,b84fb1c4-ae2c-40fc-a889-c4b64120a594,2026-06-18 23:53:07,4,spotify:track:7p5Szil7snwdtv8b8b8b8b
7965b0e0-cbca-4328-8de6-fca084d3c13b,VLM8WH,Lo-Fi Focus Partners,public,active,2026-06-18 23:27:14,4e905640-4e8f-4547-8f8a-1631e5f234bb,2026-06-18 23:55:14,2,spotify:track:1a2b3c4d5e6f7g8h9i0j1k
ac84c46e-25ab-4bd3-abc8-4584997d2e53,RQQXQW,Jazz Corner Session,public,active,2026-06-18 23:27:20,16ce2766-4b7f-45df-a7f8-dbd381d16d8c,2026-06-19 02:14:20,2,spotify:track:4pt5sziL6SnwDtV8b8b8b8
ba9dfa95-b89f-4cb9-b47c-fd239fd550d5,RMYTBT,Late Night Melodies,public,active,2026-06-19 10:51:20,c1323a63-30c3-41c2-a010-6259c8ad8714,2026-06-19 14:00:20,2,spotify:track:byao3lbozqv142xjzopygd
d36b3228-3370-42cd-8d5f-0d1baa83bc66,B3RXF6,Coding duo,public,active,2026-06-19 10:51:30,95999ef1-3dee-413a-91d9-58f1c8b7d3dc,2026-06-19 11:26:30,4,spotify:track:4tdljaz2vpn0p3tkdr0239
ccce422d-4b36-4a55-82a4-3d495ebe4d53,9T2HAN,EDM Rhythm Match,private,active,2026-06-19 10:51:38,f4069231-0d41-4175-853e-0ef898226d97,2026-06-19 11:13:38,2,spotify:track:ebfzy200hje3mhx6rqzo6c
3b022286-185e-413d-863f-f290ad03be61,SBFAXX,Rock Duo Jam,public,active,2026-06-19 10:55:11,fe3011a0-c931-4512-aa21-3b4013c88951,2026-06-19 11:20:11,4,spotify:track:1l4mo5wbomb1l8o73ph7ni
84d3671a-6e54-4f13-bbc6-b42b91a9c68e,MDPYW1,Indie Chill Room,public,active,2026-06-19 10:55:18,6108e19c-0b10-42b2-bc4a-a75f74a31b89,2026-06-19 11:24:18,4,spotify:track:m49hwjsj3duy64i1wi9myw
f5022bbc-add2-47b7-a5c9-c012e43ee189,ZT3GGH,K-Pop Fan Hangout,public,active,2026-06-19 10:55:32,061b5104-ae8b-4699-b5cf-5e040ea1b762,2026-06-19 13:05:32,2,spotify:track:ps34fl967eo2lvd16o8wbh
5a6dd61b-1f58-4eeb-842e-41c40354a51d,IQFEHU,Acoustic Cozy Space,public,active,2026-06-19 10:57:55,e9a7d752-9b25-4616-92b3-edb905512202,2026-06-19 14:10:55,2,spotify:track:yhnfne0g1srg1azmh5hrmv
c059cf71-1252-40af-a490-505d135491ad,9XQMZB,Telugu Melodies Vibe,public,active,2026-06-19 10:58:18,3a5a455c-b0b4-41c9-94fe-b4efcc045e68,2026-06-19 13:20:18,4,spotify:track:jco7w6v7o08j2j4q8ykf0g
887615a5-d44b-45fd-892f-a40597a18dc5,0LUVWY,Late Night Melodies,public,active,2026-06-19 10:59:16,7a9d5fb0-a416-4f2e-af89-c7b367d8ff11,2026-06-19 12:57:16,2,spotify:track:d0dumd5g7odzuesdkv8kto
04d2bee2-547c-4a66-af19-70064fcb365d,AJTQE8,Jazz Corner Session,public,active,2026-06-19 10:59:58,55eda42c-ebef-41e1-a9a4-64e2a6eb6bc4,2026-06-19 12:38:58,4,spotify:track:t4ilgjtkr1ncjskbelssw2
4cfb8d2e-46a4-412a-90ec-39a322ff9e9f,LS1UIS,Jazz Corner Session,public,active,2026-06-19 11:47:28,f4069231-0d41-4175-853e-0ef898226d97,2026-06-19 11:58:28,2,spotify:track:inslev4yw7dawxz1ukj29g
955504a6-7a2b-41dd-b20f-7919c0eb0966,LU5UNE,Jazz Corner Session,public,active,2026-06-19 11:51:50,cfb82812-3cd3-47ac-aba4-f0ec54e7a3a0,2026-06-19 12:56:50,2,spotify:track:x6ip0hnwfeu684pi2774c1
ea78f0e8-7450-4b1b-8e09-60a505e51169,ESUXTT,Telugu Melodies Vibe,private,active,2026-06-19 11:52:05,891bc6b6-cdb7-4d63-b086-81a126bb775a,2026-06-19 14:18:05,2,spotify:track:i4ds7fn0qy5exwvm6qrftp
2f37602c-202a-473e-937f-bf9ef0633f2f,XRGWM2,Bollywood Duet,private,active,2026-06-19 11:52:41,3a5a455c-b0b4-41c9-94fe-b4efcc045e68,2026-06-19 13:38:41,4,spotify:track:ao2tnm0gn21vs1zb46b406
986cc518-44a9-46f6-a733-dcfb1b0340fa,26FAJ7,K-Pop Fan Hangout,private,active,2026-06-19 11:52:57,06976bce-6513-48e4-9af3-08e5c05693cd,2026-06-19 14:22:57,2,spotify:track:mb3sz6tur6hhz0psm2lrv0
de8790fe-be21-4702-b6a1-fc517d62a9be,A886AK,Late Night Melodies,public,active,2026-06-19 11:54:15,3b8c4752-b3a3-420b-9c74-36921cf61c76,2026-06-19 13:39:15,4,spotify:track:3t7jdhd90twqdxd1nnp27a
920208e7-d778-41bf-ab76-0bfbdc31c60a,OCJAIZ,Indie Chill Room,public,active,2026-06-19 11:54:22,a346bb1e-a7ff-4018-9c61-0eca86df0f61,2026-06-19 14:53:22,4,spotify:track:2ccov1rvprcbxpl8j0m2pq
93fc29d0-66e9-4eaa-810d-45c48694563c,BUJVN7,Bollywood Duet,private,active,2026-06-19 11:54:46,fe3011a0-c931-4512-aa21-3b4013c88951,2026-06-19 14:31:46,4,spotify:track:iuwik3t7il381ih6lt0hkf
c5205ab3-b31e-4906-8bb7-9e37504b78cd,L4BD1I,Late Night Melodies,public,active,2026-06-19 11:56:47,2ceca7b2-cf0d-4e98-81b8-104bab7143c9,2026-06-19 13:51:47,4,spotify:track:jlgk68p9nv18sbcooouc54
cd028468-9427-43e9-ab62-f002cfd3a114,WI3WSU,Telugu Melodies Vibe,private,active,2026-06-19 11:56:56,3b8c4752-b3a3-420b-9c74-36921cf61c76,2026-06-19 15:38:56,4,spotify:track:mqvzixwo1ssm68ip1933jb
0709b5b6-37f8-4d22-8ad8-1de9c6016410,YKM4SW,Late Night Melodies,private,active,2026-06-19 11:57:38,618b0ae7-0fff-48fb-9370-a843df38b9c6,2026-06-19 15:16:38,2,spotify:track:2r7nhp0v8pifjmy0ctgbrq
1cee4370-b98b-44bc-b421-29b1dab34f22,6X79QB,Acoustic Cozy Space,private,active,2026-06-19 11:58:42,891bc6b6-cdb7-4d63-b086-81a126bb775a,2026-06-19 15:45:42,2,spotify:track:es47sekq2f7y1dvz0s02u8
45124c54-13a9-4af9-ad26-187b2004ef55,S1VNMP,Indie Chill Room,public,active,2026-06-19 11:59:00,0ce42ca3-c85d-4327-b49d-0e8adb74d2c9,2026-06-19 12:55:00,2,spotify:track:wr1vyzvgy2uadnds1rp93d
9ad7a3b0-e078-45bd-b82b-cd974a0918dd,J9U4JA,Bollywood Duet,public,active,2026-06-19 12:00:05,c1323a63-30c3-41c2-a010-6259c8ad8714,2026-06-19 12:29:05,2,spotify:track:ek9im7bep1nxqnml8uye3z
f708790d-15e8-4f2f-ab5d-79a98809ab49,VXLCHE,Coding duo,private,active,2026-06-19 12:00:12,a9df166f-15a5-405e-8af7-472cba5d2aea,2026-06-19 12:25:12,2,spotify:track:mgp3k6x5ztaggm1c04lqjr
46beb8b6-e2b0-49ca-a0e5-903b56933580,25M98S,EDM Rhythm Match,private,active,2026-06-19 12:00:49,95999ef1-3dee-413a-91d9-58f1c8b7d3dc,2026-06-19 15:43:49,4,spotify:track:v9jp9k1dilah5mb9gktt6d
0af5b806-9b1b-4eaa-a586-d5277bb62007,SEXC1F,Late Night Melodies,public,active,2026-06-19 12:01:17,8c1c7130-727a-4ee2-99f4-710a13ac717a,2026-06-19 12:22:17,2,spotify:track:ey56zz8z88t1qa31b6isj2
42d19a2e-3e76-4265-9fdf-8009b3ae6fb1,WMLWQF,Telugu Melodies Vibe,public,active,2026-06-19 12:01:24,95999ef1-3dee-413a-91d9-58f1c8b7d3dc,2026-06-19 13:34:24,2,spotify:track:4wnibk5bn6tel3lwgtz3te
91e8be6a-17cb-419b-95c6-90ca04e73eaa,Q7QJ61,EDM Rhythm Match,private,active,2026-06-19 12:24:08,1876e0cb-1cae-42b9-9e47-a01e7d06bab2,2026-06-19 14:16:08,4,spotify:track:jg82q0bo4iud3js9s2bwbz
8c2fde24-7697-464b-853e-ba717ed348ec,6HQ36X,EDM Rhythm Match,private,active,2026-06-19 12:24:17,618b0ae7-0fff-48fb-9370-a843df38b9c6,2026-06-19 12:48:17,4,spotify:track:6ix5znam5del3dq806ms3j
49ea046c-c241-4093-9099-9966a6ac38ca,LCSSEG,Late Night Melodies,private,active,2026-06-19 12:32:21,55eda42c-ebef-41e1-a9a4-64e2a6eb6bc4,2026-06-19 13:16:21,2,spotify:track:2ik2zzqq2xynjbgxezwyql
999898f9-1393-4d69-89be-a45d1c1a88fe,LDKRAL,EDM Rhythm Match,private,active,2026-06-19 12:32:36,16680d46-fc8a-4691-8b00-b09bc2004a19,2026-06-19 14:37:36,2,spotify:track:yh400l8d00m1g2zjc96pag
0a2674cf-b13d-45b9-bc2b-c526adb7e735,OXZ245,Coding duo,private,active,2026-06-19 12:33:40,c7aaa5f5-beb5-4c7d-b2de-2b8217c691ce,2026-06-19 13:39:40,2,spotify:track:hlpepdpjryw03hy8m2l7u1
4a536761-b276-4efd-b1c5-b39c13532e0e,YEF7Q5,Bollywood Duet,private,active,2026-06-19 12:33:47,a95af4fd-cedb-4891-82b8-7a98a84d797d,2026-06-19 16:01:47,2,spotify:track:rxo2fw86d0a5kxidht8zym
2cdbdbea-fd2a-43be-b248-0249d9126bb6,LMFPWJ,Telugu Melodies Vibe,public,active,2026-06-19 12:34:03,8061b56b-6e3e-4011-8e9e-620e4c777195,2026-06-19 14:44:03,2,spotify:track:tnt1d8e6119y1gv55ckaxh
74f3b84f-7b2a-4a11-91dc-40d9ad1b0f0d,HH9A8F,Jazz Corner Session,public,active,2026-06-19 12:34:40,b67bd8b7-c2ef-46f2-b752-0407b8ed5341,2026-06-19 14:56:40,4,spotify:track:oco8j7sbvkhh4gavygtry1
3ff9ec41-058e-4cd4-a4b5-fb611a48db4f,CJ82Y0,Coding duo,private,active,2026-06-19 12:35:24,09cdf1f0-7630-488c-bfb3-caca63923097,2026-06-19 14:43:24,2,spotify:track:dhzxrbjypdby1s2fgs8jnt
f7dbb39c-860d-4836-aad3-7a349276d04e,K7PPWC,EDM Rhythm Match,public,active,2026-06-19 12:35:33,4fdb4c3e-d350-446e-b914-016b5168675d,2026-06-19 15:59:33,4,spotify:track:ibp3mc332e5osqnmq5fn7v
e435cf64-b10d-49f2-96e3-96f0e0a8e8d9,4MT0WU,Bollywood Duet,public,active,2026-06-19 12:37:08,6108e19c-0b10-42b2-bc4a-a75f74a31b89,2026-06-19 16:00:08,2,spotify:track:5q7p7wjmdhv2ze4o65l0el
970a6132-7ee2-44f6-9b14-eaa2ff9e8ee8,5DDFTQ,Lo-Fi Focus Partners,public,active,2026-06-19 13:47:33,e9a7d752-9b25-4616-92b3-edb905512202,2026-06-19 14:14:33,2,spotify:track:k2xdiz1z4v4pzqoyynodor
386a23db-0929-4e5d-8316-f261c1dc90eb,KNWN2I,Lo-Fi Focus Partners,private,active,2026-06-19 13:49:02,8e8dc62e-dec8-4a50-99cf-d96a02710343,2026-06-19 14:41:02,2,spotify:track:yuw78aunpz7t05w9q7e5c5
0de1814b-4946-40be-b5a6-fd3734a0d8bb,ZA3AUD,Indie Chill Room,private,active,2026-06-19 13:49:07,3a5a455c-b0b4-41c9-94fe-b4efcc045e68,2026-06-19 14:10:07,2,spotify:track:m1w62yew16eqxy50za3rnj
49d1e5f4-3d76-4635-bf13-cab1f292c062,SEPFDB,EDM Rhythm Match,private,active,2026-06-19 13:49:57,8c1c7130-727a-4ee2-99f4-710a13ac717a,2026-06-19 15:52:57,4,spotify:track:kfymgum1wfth7pdp0fjded
bb978260-41c9-45c1-ad40-20e7196a03eb,OKJQL1,Indie Chill Room,public,active,2026-06-19 13:50:09,7a9d5fb0-a416-4f2e-af89-c7b367d8ff11,2026-06-19 16:53:09,4,spotify:track:hv2bjwt9gkw3akh16kfbrx
7014fa95-8252-48a6-a2ac-87e13181d093,NV6HRF,K-Pop Fan Hangout,public,active,2026-06-19 13:51:06,046b4c7f-6adc-4235-9e21-95ca0d5c3b3b,2026-06-19 17:35:06,4,spotify:track:ryv7a1dv22ckr23duqel9o
5d93a6fb-31ca-4a8a-8148-e149fb6c7b53,A6OHOW,Coding duo,private,active,2026-06-19 13:52:10,6108e19c-0b10-42b2-bc4a-a75f74a31b89,2026-06-19 15:08:10,2,spotify:track:lp3gvnyv3qntqjgf8aa3u0
3cfcf6cf-f98a-406b-88c4-c429d7c9ebe8,DFHNE1,Acoustic Cozy Space,private,active,2026-06-19 13:53:10,0f42e55c-e2f1-4ef6-959b-0e39485b881f,2026-06-19 14:55:10,2,spotify:track:etvvkvunsdqjtvihccs1xa
131bcd7e-8627-487b-b4ae-6108520a55c1,MDYTUO,EDM Rhythm Match,private,active,2026-06-19 13:53:33,e9a7d752-9b25-4616-92b3-edb905512202,2026-06-19 15:22:33,2,spotify:track:9w31q5je4lje30f1fy3mr1
a0d350e6-0183-4b65-8fda-46b707c07c2d,YAFUV2,EDM Rhythm Match,public,active,2026-06-19 13:54:02,55829a23-649b-4c07-8fac-48687f0dbbf1,2026-06-19 15:32:02,2,spotify:track:bk9pk903wg67kyhqb3f0c5
3244c321-add1-44ed-849c-cc002fba2396,N44LEB,EDM Rhythm Match,public,active,2026-06-19 13:54:14,09cdf1f0-7630-488c-bfb3-caca63923097,2026-06-19 16:15:14,4,spotify:track:d0t3u2gvfh4u3biw3woq2i
c814dc47-94e5-4b77-8fe3-dd72d9764411,EQR3BC,EDM Rhythm Match,public,active,2026-06-19 13:54:47,891bc6b6-cdb7-4d63-b086-81a126bb775a,2026-06-19 15:55:47,4,spotify:track:g3rxbwl7i5avly0h89qcxt
2e42a985-ba1a-4782-a04b-1a0176644e4b,MHXPWB,EDM Rhythm Match,public,active,2026-06-19 13:55:09,f4069231-0d41-4175-853e-0ef898226d97,2026-06-19 16:10:09,2,spotify:track:p37kqhcs7jjdo39pvoi3gt
497eca2f-8bc0-44eb-9546-82d3b36ad468,A9SLIO,Late Night Melodies,private,active,2026-06-19 13:56:15,604cc5c8-b374-4801-ad23-e6a8e117d809,2026-06-19 15:21:15,4,spotify:track:d8ol7ix06wul9woc10pmx2
f2e5b3d6-5659-4d9d-b0bf-1381e937771d,2KZOMD,Coding duo,public,active,2026-06-19 13:58:15,4fdb4c3e-d350-446e-b914-016b5168675d,2026-06-19 16:05:15,4,spotify:track:ot53vl5qn2wm0wdlju5zob
87ce19ae-a629-4a84-ac3c-d3b55a7e91d9,D0NZPZ,K-Pop Fan Hangout,public,active,2026-06-19 13:59:19,e004d3d6-e3c4-48b9-998b-7b53a075e6c4,2026-06-19 15:36:19,4,spotify:track:n2bhy5mf64jr61afn7xoj9
176a9a2d-ff4b-4633-a57f-b752c6eb193d,NNDFXZ,Lo-Fi Focus Partners,public,active,2026-06-19 13:59:37,16680d46-fc8a-4691-8b00-b09bc2004a19,2026-06-19 16:09:37,2,spotify:track:uw9o0sfyctg4xyozg77voq
d228e8d1-1f2b-4b71-b091-c2c8eeb36ff5,M9KXG7,Late Night Melodies,public,active,2026-06-19 13:59:43,373c3697-78cf-4304-af76-ea5a452dad05,2026-06-19 14:18:43,2,spotify:track:dhpfe4yybafcj81if5t3bp
208947d4-c876-4e2b-9385-cf670518637e,6Q7FMY,EDM Rhythm Match,private,active,2026-06-19 13:59:49,55829a23-649b-4c07-8fac-48687f0dbbf1,2026-06-19 17:12:49,2,spotify:track:1yiigah78r7spb1od06qc7
47ae6f13-73c8-48c2-a27b-3e4290e410b7,ZJSGW9,EDM Rhythm Match,private,active,2026-06-19 13:59:56,55829a23-649b-4c07-8fac-48687f0dbbf1,2026-06-19 15:33:56,4,spotify:track:rf068bscschrwzr73pysog
a99ec8bf-f1fd-49dd-b0cc-f1ecf3bc6111,K2LZ1M,K-Pop Fan Hangout,public,active,2026-06-19 14:01:19,9fd6178d-2e32-495f-b3aa-e2cb46aef3f6,2026-06-19 14:42:19,4,spotify:track:9y6tvbq0h2ty9vlciyh63h
1ba20688-5794-4761-bc8d-08074ed286b5,UYPT4I,Acoustic Cozy Space,private,active,2026-06-19 14:01:25,8c1c7130-727a-4ee2-99f4-710a13ac717a,2026-06-19 16:55:25,2,spotify:track:m9og1x61uhiwupeb2t7uce
7dad220d-1743-482b-9442-f5c4e19f4714,DWYJPF,Telugu Melodies Vibe,private,active,2026-06-19 14:01:58,6bd5d031-e68b-47c0-8300-c43f0c2f35f7,2026-06-19 14:40:58,2,spotify:track:k0ymo44r1j3tz6t97qsev1
91e35056-a755-4369-b151-efa195c8c494,YMA5T5,EDM Rhythm Match,private,active,2026-06-19 14:02:09,0f42e55c-e2f1-4ef6-959b-0e39485b881f,2026-06-19 14:30:09,2,spotify:track:7elq7ubbtrcec3j35q1evo
73ee707c-1259-42bb-b160-bcc2b8be117f,BHLAM2,Coding duo,public,active,2026-06-19 14:02:30,0f42e55c-e2f1-4ef6-959b-0e39485b881f,2026-06-19 17:19:30,2,spotify:track:9h2risr32xz0cbb6udmqnl
69738dc3-9f2b-474d-958e-bb2a0c4f1171,JHVW70,Coding duo,public,active,2026-06-19 14:03:51,b77e12ac-c966-4c38-8d0c-b7afef27f6db,2026-06-19 14:41:51,4,spotify:track:kwyydvdcn3dmsbhuaz1cmm
d838c0df-2686-4f40-b049-1cddfffc3371,MH298Q,Acoustic Cozy Space,private,active,2026-06-19 14:05:21,12322423-8605-4a4d-a56e-320798952caf,2026-06-19 17:42:21,2,spotify:track:g8822zjjkcgodkhpy7cxw9
23ab150d-bb46-41fe-b7f9-2c0d7a52bde2,L6DJA2,Rock Duo Jam,public,active,2026-06-19 14:06:05,1f2504b1-a8c2-487d-b463-eb1d7a077e48,2026-06-19 16:48:05,4,spotify:track:6c2w4dae2sgs0dr6t7byra
0e85c595-db6f-45e4-a26f-bbcae74b47e1,RX5JW4,Rock Duo Jam,private,active,2026-06-19 14:06:48,67465aa7-e829-469c-8151-d4d82a624b55,2026-06-19 14:51:48,2,spotify:track:wxgeagfxvd92fjlc32x7lj
e7cf1b4e-a902-4e06-9fc6-19fdc0e7db18,R8XSAU,Late Night Melodies,private,active,2026-06-19 14:08:26,0ce42ca3-c85d-4327-b49d-0e8adb74d2c9,2026-06-19 15:28:26,4,spotify:track:z8bjwbnoz9a3xzefalk4oe
bd33bbe5-05ca-4947-a7c8-9f6098afcaa9,XGJN5K,Lo-Fi Focus Partners,private,active,2026-06-19 14:08:56,252c4b16-8466-4b90-8f96-8f90afd0291f,2026-06-19 15:59:56,2,spotify:track:0316upfjl9f0ygh8iisxl8
b8149f9d-df0f-4727-bfa1-b60db6bad46b,T0MPSG,Rock Duo Jam,public,active,2026-06-19 14:10:39,9f7f4ca0-5afb-45d7-be70-b6d8d99b98ac,2026-06-19 16:35:39,2,spotify:track:dnoldds85tm2vp44y1egir
b4877ebd-2367-4611-86eb-8b55ff80117e,8K3D50,Bollywood Duet,private,active,2026-06-19 14:13:13,b9cebfec-6756-4c31-af63-82cd7e08ca88,2026-06-19 14:41:13,4,spotify:track:zt6ujcg1lbmriwyuo2xnru
b6ca0082-fcd4-4bd1-a33a-ea281e30a185,AOVXIQ,Indie Chill Room,private,active,2026-06-19 14:13:32,fe3011a0-c931-4512-aa21-3b4013c88951,2026-06-19 17:35:32,4,spotify:track:7fk08jsztedm39h0ftmta7
e5d530d5-d04f-4244-b23b-35300952b8c8,46BWQO,EDM Rhythm Match,private,active,2026-06-19 14:15:03,3f78906d-8830-4afd-9569-6682c625741e,2026-06-19 17:00:03,4,spotify:track:7tnkp18i40g6iez0brt1uh
657a6e71-2f36-4968-aa0c-2e189dcad43d,J7NCUK,K-Pop Fan Hangout,public,active,2026-06-19 14:15:27,55829a23-649b-4c07-8fac-48687f0dbbf1,2026-06-19 16:03:27,4,spotify:track:suuzkw8wieq0ws67q7f9fj
88142620-867b-4634-be9a-4183e60ae87a,4XNOO5,Coding duo,public,active,2026-06-19 14:15:45,22a990f3-a58e-4b79-a832-f797a1f2489f,2026-06-19 17:36:45,2,spotify:track:w63w53e2maomxfzwalz3dn
504c3dc2-9852-4fb5-a030-f6e92efff3c0,MXL53G,Indie Chill Room,private,active,2026-06-19 14:16:08,1efe8a03-0ff0-4d5c-aed3-1bdf1a07b889,2026-06-19 17:02:08,4,spotify:track:gwx6pn4vatlow88fmt7tcs
bfd80784-dfa3-44f7-91fc-8a872b2cc74c,YYTSPU,EDM Rhythm Match,private,active,2026-06-19 14:16:22,16680d46-fc8a-4691-8b00-b09bc2004a19,2026-06-19 16:05:22,4,spotify:track:caqei6q0wvt29g319wxtr0
698f346f-d229-4319-ad1e-794c608e9443,Z7JY6X,Indie Chill Room,private,active,2026-06-19 14:16:43,604cc5c8-b374-4801-ad23-e6a8e117d809,2026-06-19 15:31:43,4,spotify:track:te1zji710oullz35q9ed8h
5d5ca9ea-b66e-4e06-b66f-192fb4133476,0UT5TM,Late Night Melodies,private,active,2026-06-19 14:18:13,1fd32b5a-5090-4bc2-ab21-ed5b400a4c80,2026-06-19 17:09:13,4,spotify:track:5fj1zmpae38zmsoq68kzzq
76173ef6-5fbf-498d-924a-fb3d0db23598,H66V6Y,Bollywood Duet,public,active,2026-06-19 14:20:21,b77e12ac-c966-4c38-8d0c-b7afef27f6db,2026-06-19 14:39:21,2,spotify:track:xy7in00srspddg3tt6khzq
0269fea9-6c58-497f-bc89-0006bed5d0d3,GMH6HE,Acoustic Cozy Space,private,active,2026-06-19 14:21:03,8c1c7130-727a-4ee2-99f4-710a13ac717a,2026-06-19 16:59:03,4,spotify:track:epkx47853h7hn08hho4259
9a9986a5-4178-440a-ac67-e75235fa0868,XUMC2Z,Jazz Corner Session,public,active,2026-06-19 14:21:17,b9cebfec-6756-4c31-af63-82cd7e08ca88,2026-06-19 17:25:17,2,spotify:track:jwrmotjsg3i7l32lts6o7d
7db9a829-acac-46d0-81af-623d4e8d602d,3QVCMA,Rock Duo Jam,private,active,2026-06-19 14:23:36,891bc6b6-cdb7-4d63-b086-81a126bb775a,2026-06-19 16:29:36,4,spotify:track:gleb2fctjcpjbfpchzxewd
4b192b4f-c040-4100-8edc-07a7d8f1e462,02PF9W,Jazz Corner Session,public,active,2026-06-19 14:24:21,935e89a9-8b0c-4881-bacd-5eba3c421d14,2026-06-19 15:03:21,4,spotify:track:vlfh9ay1otjxwzz5y4xotc
ccd3f8a8-eea7-4998-86c1-a9fbae6707e9,WLEKD9,Coding duo,public,active,2026-06-19 14:25:05,55829a23-649b-4c07-8fac-48687f0dbbf1,2026-06-19 14:57:05,2,spotify:track:ez5a1wzjw47810nvx4v6aq
ead66c1e-1a6a-4d6f-9d18-aed5629fc6a8,9R0AL0,EDM Rhythm Match,private,active,2026-06-19 14:25:53,1c92f5ed-55b7-4c90-8efa-2741a382d3e3,2026-06-19 14:48:53,2,spotify:track:88sqrskcn9gp4l2o0kmml3
41bd00f5-6426-4b1d-b0d4-0e82bff56d8f,BUETWY,Acoustic Cozy Space,public,active,2026-06-19 14:26:07,0f42e55c-e2f1-4ef6-959b-0e39485b881f,2026-06-19 16:22:07,4,spotify:track:666qc92bd3xlpaclce9xhu
0e7fe3f5-4548-40b5-9374-856125b95964,LO9PMJ,Bollywood Duet,private,active,2026-06-19 14:26:33,b67bd8b7-c2ef-46f2-b752-0407b8ed5341,2026-06-19 17:52:33,4,spotify:track:hmv93zj10447eljy1p9hu3
3e631ee6-6cbc-45d0-ab6f-2f4d6d8c3cc2,V93WN6,Acoustic Cozy Space,private,active,2026-06-19 14:27:11,b67bd8b7-c2ef-46f2-b752-0407b8ed5341,2026-06-19 18:04:11,2,spotify:track:3rtakt9l8kfro4lnqcmih4
bc17d16d-8cdd-43b8-b877-1d809e3ed663,QKL28A,Rock Duo Jam,private,active,2026-06-19 14:27:53,6108e19c-0b10-42b2-bc4a-a75f74a31b89,2026-06-19 16:46:53,4,spotify:track:xv3fvn3hlvtozlnrdrtxxo
f479cc74-9ef9-42e9-88e1-77670846786c,Y7TV03,Late Night Melodies,public,active,2026-06-19 14:28:39,a9df166f-15a5-405e-8af7-472cba5d2aea,2026-06-19 15:06:39,4,spotify:track:qs9hxma3l9den6gw5vgznk
ac3a12e0-c91c-43fe-b4a3-7b80326c549a,ZXD8UY,Coding duo,public,active,2026-06-19 14:29:28,91f76402-014a-41d8-baee-d588af33b23a,2026-06-19 15:37:28,2,spotify:track:ejpfyz0a41wh976bl6uony
1f3e6d26-a05c-4182-8953-1274ba99fdd9,MCXW1F,Bollywood Duet,private,active,2026-06-19 14:30:10,a95af4fd-cedb-4891-82b8-7a98a84d797d,2026-06-19 15:36:10,2,spotify:track:mwjdjespw55itnvbk5jui2
5714411f-63fe-4963-bd27-b692acaaadb2,XLH4OQ,Late Night Melodies,private,active,2026-06-19 14:30:23,3a5a455c-b0b4-41c9-94fe-b4efcc045e68,2026-06-19 15:21:23,2,spotify:track:b6jwu6njo8guuyun3ew5bc
0edb0bba-fb63-485c-b413-95b6e34df137,DFUFX1,Acoustic Cozy Space,private,active,2026-06-19 14:30:53,6108e19c-0b10-42b2-bc4a-a75f74a31b89,2026-06-19 17:55:53,4,spotify:track:1gtoq2tebyes3s58aghy3d
caa5902e-c008-450a-a64b-1ad0175b81f1,WOGDZ8,Rock Duo Jam,public,active,2026-06-19 14:31:18,55829a23-649b-4c07-8fac-48687f0dbbf1,2026-06-19 16:31:18,4,spotify:track:9211grx54lzct356c13lx3
1e096dbf-4b04-447b-bc58-8856d056fa0f,2RVXO8,Telugu Melodies Vibe,private,active,2026-06-19 14:31:27,67465aa7-e829-469c-8151-d4d82a624b55,2026-06-19 15:28:27,4,spotify:track:mud1qlj0fis3uzdfkfmse4
7b360e37-e138-438e-93c5-8b42e615069f,N348GF,Indie Chill Room,public,active,2026-06-19 14:32:17,618b0ae7-0fff-48fb-9370-a843df38b9c6,2026-06-19 17:57:17,2,spotify:track:kgbq1glem0ebgl6hq2imq2
f2ec2710-8d05-4966-8038-b85e405c74b1,A2M9UR,Acoustic Cozy Space,public,active,2026-06-19 14:32:29,6746fcd9-3095-4b62-aa03-12fecb4a285f,2026-06-19 17:43:29,2,spotify:track:3wy6tyau7vu21g96a2mpgy
8dcda6a8-93f0-4a63-b7e9-f32217cd4689,M3OXKQ,K-Pop Fan Hangout,public,active,2026-06-19 14:33:01,a95af4fd-cedb-4891-82b8-7a98a84d797d,2026-06-19 17:51:01,4,spotify:track:aytui2f9tcx1xob4bkpqvg
80b279a7-4051-4b31-a35a-abeb5af05555,8W02UQ,Telugu Melodies Vibe,public,active,2026-06-19 14:33:31,0f42e55c-e2f1-4ef6-959b-0e39485b881f,2026-06-19 16:37:31,2,spotify:track:4zvwpjbxuylnjf87hxe4k9
f2b89979-11cc-411a-b357-303da87579f0,MUXEAG,K-Pop Fan Hangout,private,active,2026-06-19 14:34:19,a1b14426-054b-47a9-bd5c-a247a9851925,2026-06-19 16:24:19,4,spotify:track:bdkjg5or34k0iucjgfczg2
de687e6c-1ce3-4e77-a7d8-256704e3735f,AL2S8Q,Late Night Melodies,private,active,2026-06-19 14:35:01,a1b14426-054b-47a9-bd5c-a247a9851925,2026-06-19 16:53:01,2,spotify:track:whls2lixe8s2ek3s98q8n0
5e498a3b-5f35-48ca-8fdd-1a26697e0ff1,FPARNF,Acoustic Cozy Space,private,active,2026-06-19 14:35:35,67465aa7-e829-469c-8151-d4d82a624b55,2026-06-19 16:40:35,2,spotify:track:z4guixtj0c68sm0wou1gt0
0f8e1496-86cc-4ef3-bc3c-74f52fa63859,X7B38N,Late Night Melodies,public,active,2026-06-19 14:37:46,8061b56b-6e3e-4011-8e9e-620e4c777195,2026-06-19 18:11:46,2,spotify:track:x7bsycyjzq4kfx4jgxmp31
9904730e-b343-4831-8e28-3ca54cebd167,UJ2F7V,Rock Duo Jam,public,active,2026-06-19 14:38:00,22a990f3-a58e-4b79-a832-f797a1f2489f,2026-06-19 15:20:00,2,spotify:track:bj37xixcbvkw2z4pw7fzmw
04354cdc-55a6-482d-96f1-7bfdd1d2f830,EC78ZD,Jazz Corner Session,public,active,2026-06-19 14:38:07,1f2504b1-a8c2-487d-b463-eb1d7a077e48,2026-06-19 16:45:07,4,spotify:track:ztpwntjx2m11eaw1y9179o
eb6156f3-0d7c-46e7-ba2f-2850786d95f3,52UWFW,Acoustic Cozy Space,public,active,2026-06-19 14:38:15,373c3697-78cf-4304-af76-ea5a452dad05,2026-06-19 16:59:15,2,spotify:track:nagmw9vhmmlekqe2g924g9
f79cbf70-34cb-4df0-9b27-d104349c124b,DTMCN9,EDM Rhythm Match,public,active,2026-06-19 14:39:06,9ab76931-aeeb-4afa-bd81-01968bc461c6,2026-06-19 17:49:06,2,spotify:track:8mfzf85ltvg3dhuye7lrj2
5f1b9dd0-5a92-41b2-8fdf-bb2f7061971e,MUUVQB,Acoustic Cozy Space,private,active,2026-06-19 14:39:49,252c4b16-8466-4b90-8f96-8f90afd0291f,2026-06-19 18:32:49,4,spotify:track:divz7h3dk7u9xtdluzkg9w
f4e9e6d3-6ad6-4a24-bb7f-4acd24faf4ab,RN08FG,Coding duo,private,active,2026-06-19 14:40:09,8c1c7130-727a-4ee2-99f4-710a13ac717a,2026-06-19 17:15:09,2,spotify:track:e6r1vol86plw9u5chp7d2q
dcfa041e-6bcf-47b5-abf6-c273dc4b5ded,YZ0K4J,Bollywood Duet,private,active,2026-06-19 14:40:33,1f2504b1-a8c2-487d-b463-eb1d7a077e48,2026-06-19 16:24:33,2,spotify:track:yxv9q3abzctrpmq1smjal3
38b58784-7f97-47dd-bd88-9b4fda136b20,Z2UCJ4,Bollywood Duet,private,active,2026-06-19 14:41:03,8e8dc62e-dec8-4a50-99cf-d96a02710343,2026-06-19 16:54:03,4,spotify:track:mip6fss3yzsobpqkjp0ze1
bd80c754-2237-42d5-bc18-5e5838bac61f,WUI8VS,Lo-Fi Focus Partners,private,active,2026-06-19 14:41:26,e9a7d752-9b25-4616-92b3-edb905512202,2026-06-19 15:11:26,4,spotify:track:09m44l9ctty8t46qc40zr5
98b97d41-61a9-4e4a-8c37-4d88ca001c77,SUX0D7,Jazz Corner Session,private,active,2026-06-19 14:41:46,9ab76931-aeeb-4afa-bd81-01968bc461c6,2026-06-19 16:22:46,2,spotify:track:3az71zmzkkuz2m9a172vze
3daf16f2-46cf-4365-8789-3c061da9b38d,5VKOIM,Rock Duo Jam,public,active,2026-06-19 14:43:04,618b0ae7-0fff-48fb-9370-a843df38b9c6,2026-06-19 16:13:04,4,spotify:track:vvxdbyt6rka3lf01ctfvg5
922ea2a2-ec70-418e-b45c-eeeed72799c7,JMPKJA,K-Pop Fan Hangout,private,active,2026-06-19 14:44:06,8a52dde1-0eb7-4cdf-a260-8946b5996f11,2026-06-19 14:57:06,2,spotify:track:6rv5codg9mek702fbmpwkd
6301ec5c-cb92-4c2e-b389-d91859038284,IUZ9QI,Late Night Melodies,private,active,2026-06-19 14:44:18,38be73d8-5ac3-452f-9590-060525df25af,2026-06-19 17:31:18,2,spotify:track:0pc0dur0wudcg3z3kue97n
db6ddcdd-588c-41e8-acdb-ca9dc4d9875c,FBJT9G,Rock Duo Jam,public,active,2026-06-19 14:45:40,4fdb4c3e-d350-446e-b914-016b5168675d,2026-06-19 15:11:40,2,spotify:track:v4170823xybgvkhr9njwls
8af67e62-124a-416e-9fe5-9b7dc1b7abd6,XH1TFW,Indie Chill Room,private,active,2026-06-19 14:46:35,3a5a455c-b0b4-41c9-94fe-b4efcc045e68,2026-06-19 16:38:35,4,spotify:track:lj7rmp7g6n6b0pumugq40t
0521d85d-7e4d-4cc2-9de6-ec337fcbddee,S66G0K,Telugu Melodies Vibe,private,active,2026-06-19 14:46:50,b9cebfec-6756-4c31-af63-82cd7e08ca88,2026-06-19 16:16:50,4,spotify:track:uhydbiywu9iuyi6cl9dm4b
1adb13fe-4423-417e-bee3-a31fc0960fa9,MSXZ8P,Bollywood Duet,public,active,2026-06-19 14:47:05,f4069231-0d41-4175-853e-0ef898226d97,2026-06-19 16:07:05,4,spotify:track:ttj7umxwpayfz8b5ohcbq5
39133d4c-4a8c-41af-a217-2a3dae523bbe,QW46QA,Bollywood Duet,private,active,2026-06-19 14:47:31,bb309fa2-47fc-4d74-b2e2-6b6c986fbd34,2026-06-19 15:27:31,4,spotify:track:jenl3njm3hw8x89001uq4i
cc1b6350-6584-45b3-9c16-a740b0c3329c,GVNJ4P,K-Pop Fan Hangout,public,active,2026-06-19 14:48:08,9f7f4ca0-5afb-45d7-be70-b6d8d99b98ac,2026-06-19 15:18:08,4,spotify:track:o3glfraj3oz7p2x1xos6ap
772ffa34-609b-4615-9a96-6c86876acecd,FSNPE6,Indie Chill Room,private,active,2026-06-19 14:48:29,a346bb1e-a7ff-4018-9c61-0eca86df0f61,2026-06-19 18:22:29,2,spotify:track:2nkneixyld8hri238xrphc
bf345546-ab44-4183-a7ef-8fcb3efc42e0,P2BQXX,Indie Chill Room,private,active,2026-06-19 14:49:00,67465aa7-e829-469c-8151-d4d82a624b55,2026-06-19 15:09:00,4,spotify:track:t3l7peqr1fpn47veefynd3
3dfb20de-08db-4747-8ef2-322c0d394779,V912ID,EDM Rhythm Match,public,active,2026-06-19 14:50:37,c7aaa5f5-beb5-4c7d-b2de-2b8217c691ce,2026-06-19 16:21:37,4,spotify:track:ownazva8u969jea7borb0a
93d5fa31-716b-466c-9fbf-e658154659c9,WLY7RQ,Telugu Melodies Vibe,public,active,2026-06-19 14:50:48,fe3011a0-c931-4512-aa21-3b4013c88951,2026-06-19 15:23:48,2,spotify:track:59h1u8zxfrdh2oshwyxesj
fee19002-3e2e-44c8-81ee-d5d86fe4765b,OSKT4X,Indie Chill Room,private,active,2026-06-19 14:51:34,95999ef1-3dee-413a-91d9-58f1c8b7d3dc,2026-06-19 18:35:34,4,spotify:track:nxdwjuuseovz3r2ypjzyr4
70db81fe-a9c6-4fa6-a433-5955ed8c7923,33FDXW,Rock Duo Jam,public,active,2026-06-19 14:52:38,55eda42c-ebef-41e1-a9a4-64e2a6eb6bc4,2026-06-19 17:03:38,4,spotify:track:duv2r8s7v97gg6c8ynsl91
81c15c3c-ccf1-4337-9c55-cc3f24dcd1f4,XDL838,Coding duo,public,active,2026-06-19 14:53:29,061b5104-ae8b-4699-b5cf-5e040ea1b762,2026-06-19 17:58:29,4,spotify:track:h0zkf3l4ep4ruphfgb6xqd
c6e06596-8417-49c1-a734-8a460cd84f3e,9IGOJY,Jazz Corner Session,private,active,2026-06-19 14:53:39,25e54e8f-c21a-44aa-ba25-ba90dd594590,2026-06-19 17:31:39,4,spotify:track:5qvva8dklwt291jkf8hpj6
9e4c7f37-2cfc-4ed0-869d-cf9811800dc2,W8BU0H,Indie Chill Room,public,active,2026-06-19 14:54:51,67465aa7-e829-469c-8151-d4d82a624b55,2026-06-19 18:07:51,2,spotify:track:4jv902lj1hhirc3f7vsivn
3e2d8755-071e-44cc-9360-1d87d528b5e7,386TP8,Bollywood Duet,private,active,2026-06-19 14:55:10,2ceca7b2-cf0d-4e98-81b8-104bab7143c9,2026-06-19 18:01:10,4,spotify:track:gacy9idok1lsh25c2xlyne
619b7bd5-b06d-4a9c-bd51-8b4e97d9dd66,1ZBCKT,Rock Duo Jam,public,active,2026-06-19 14:56:25,1fd32b5a-5090-4bc2-ab21-ed5b400a4c80,2026-06-19 17:45:25,4,spotify:track:5lja2euqx70gfafe1xo68k
bf4e7fc7-947e-494c-bc5e-41a99386e02d,DKEM7E,Indie Chill Room,public,active,2026-06-19 14:56:46,046b4c7f-6adc-4235-9e21-95ca0d5c3b3b,2026-06-19 16:44:46,2,spotify:track:lcy4o1txiujfxmdxi0pvqw
675d6f03-37f3-4126-a9ed-002b6e3381fc,KOOM4A,K-Pop Fan Hangout,public,active,2026-06-19 14:56:53,252c4b16-8466-4b90-8f96-8f90afd0291f,2026-06-19 15:58:53,4,spotify:track:8opt2q794k3g75quch5w0u
9ad8b9c4-e9ae-47eb-9713-8cda2f3ae62f,B5E5EU,Late Night Melodies,public,active,2026-06-19 14:57:21,06976bce-6513-48e4-9af3-08e5c05693cd,2026-06-19 17:53:21,2,spotify:track:gh2lnrl8vus4bazxp16jpt
75423753-a651-48bf-841f-c624e4fb4648,KFNBJ8,Rock Duo Jam,public,active,2026-06-19 14:57:46,3b8c4752-b3a3-420b-9c74-36921cf61c76,2026-06-19 17:40:46,2,spotify:track:mnp2w7xymjpxfrgsnl1xul
0860c84b-3b4b-4211-b67d-3fa838f12625,Z4TVB2,Jazz Corner Session,public,active,2026-06-19 14:58:01,3b8c4752-b3a3-420b-9c74-36921cf61c76,2026-06-19 17:53:01,4,spotify:track:waglrk0eldjxq9frahmy55
58d9b14a-b955-47e4-a331-291f027368fd,3WRFNC,Coding duo,private,active,2026-06-19 14:58:32,09cdf1f0-7630-488c-bfb3-caca63923097,2026-06-19 16:24:32,4,spotify:track:nd9ctdutkfh8lk1hxu1crq
8f7bb750-2c75-41cd-8fa2-523b5b6554bc,K7JZD6,Lo-Fi Focus Partners,public,active,2026-06-19 14:59:04,09cdf1f0-7630-488c-bfb3-caca63923097,2026-06-19 16:26:04,2,spotify:track:elaws9q7k5elkrhi293r7u
44450573-1d1f-4979-8810-aa1c1f1266be,G8L12S,K-Pop Fan Hangout,private,active,2026-06-19 15:00:06,67465aa7-e829-469c-8151-d4d82a624b55,2026-06-19 18:04:06,4,spotify:track:syordyewga92o5onj8s9ig
c58aaa48-ce75-4bd8-9dd6-d21e5607b06d,TKJUTU,Indie Chill Room,public,active,2026-06-19 15:00:54,4fdb4c3e-d350-446e-b914-016b5168675d,2026-06-19 16:04:54,2,spotify:track:qjt0ckdduvgpmdbmptw6xk
d4201d66-f078-4cf0-8c45-93183424ca2f,KRCTPI,Lo-Fi Focus Partners,public,active,2026-06-19 15:03:04,1c92f5ed-55b7-4c90-8efa-2741a382d3e3,2026-06-19 17:08:04,4,spotify:track:hs4rxat67yfk3lq0we5j3i
413626e2-9634-4564-9a77-9452e86489d6,GYMWXU,Lo-Fi Focus Partners,private,active,2026-06-19 15:03:11,a95af4fd-cedb-4891-82b8-7a98a84d797d,2026-06-19 15:13:11,2,spotify:track:0ofca3f3bvfdoclxuve01p
87289f02-83b5-4c78-9747-f88cc08f7e57,PQS5CR,Jazz Corner Session,public,active,2026-06-19 15:05:01,935e89a9-8b0c-4881-bacd-5eba3c421d14,2026-06-19 17:15:01,4,spotify:track:lckbw4uvva068kyvmaajco
e794d6b5-2b1a-497a-8f87-0a2dcc8d6c8d,DVI3GC,Rock Duo Jam,public,active,2026-06-19 15:05:09,373c3697-78cf-4304-af76-ea5a452dad05,2026-06-19 18:01:09,2,spotify:track:5pkg5hukhhxj6dtgdkhac5
317e0840-a2d2-4be3-a4d4-39c3bec6e5ac,C1P5FZ,Bollywood Duet,private,active,2026-06-19 15:06:39,891bc6b6-cdb7-4d63-b086-81a126bb775a,2026-06-19 19:05:39,4,spotify:track:40h9avlgl9lr3nlrydqm38
bc1f1008-7099-4696-802f-8cff82f28f8f,VRJP89,Acoustic Cozy Space,public,active,2026-06-19 15:06:49,6108e19c-0b10-42b2-bc4a-a75f74a31b89,2026-06-19 17:47:49,2,spotify:track:j00y9fcg0yjsnzdyjedr6q
5bac73d3-305c-4273-b9f3-511bccabc5c7,VHOJ8X,Late Night Melodies,public,active,2026-06-19 15:06:57,6746fcd9-3095-4b62-aa03-12fecb4a285f,2026-06-19 19:01:57,4,spotify:track:9q7jc4k1ecxbpstvzdi4yr
3f0318c7-aed8-4976-a30d-80fb8460b0eb,3P8JCF,Coding duo,public,active,2026-06-19 15:07:23,046b4c7f-6adc-4235-9e21-95ca0d5c3b3b,2026-06-19 16:40:23,4,spotify:track:9mcz828e1zi5k1l4abh6og
b703d278-7442-4d47-b445-86f652cfad6f,CQKVNO,Lo-Fi Focus Partners,private,active,2026-06-19 15:07:36,1f2504b1-a8c2-487d-b463-eb1d7a077e48,2026-06-19 16:05:36,2,spotify:track:1hyummu6nsxog1d58bay31
b982bfa4-b894-4100-aa06-8645440ecd03,E6UKJH,Late Night Melodies,public,active,2026-06-19 15:08:11,9ab76931-aeeb-4afa-bd81-01968bc461c6,2026-06-19 17:08:11,4,spotify:track:xgfmhdwoz8up0ghniv8iqh
3c5dbb2c-5bf5-4ec5-8ce8-d96ab6a996ec,CGFYN5,K-Pop Fan Hangout,private,active,2026-06-19 15:08:20,06976bce-6513-48e4-9af3-08e5c05693cd,2026-06-19 18:27:20,4,spotify:track:ejospkhkik9m75lsjwpdso
b348f587-ebb4-4da0-a0dc-ef6e97a3ab21,CYX7S7,Indie Chill Room,private,active,2026-06-19 15:08:50,e9a7d752-9b25-4616-92b3-edb905512202,2026-06-19 15:50:50,2,spotify:track:ocwnk7cbfg30ini91rfiv3
a2c1828b-2ea2-4de7-a779-f1d5fdf1be93,3GXRG9,EDM Rhythm Match,private,active,2026-06-19 15:09:09,38be73d8-5ac3-452f-9590-060525df25af,2026-06-19 16:28:09,2,spotify:track:pvfn7hgktmkg6bhrsq2d63
589dbac5-fd04-4e92-99ce-bb5617c0f779,R9YBNZ,Lo-Fi Focus Partners,private,active,2026-06-19 15:10:32,b9cebfec-6756-4c31-af63-82cd7e08ca88,2026-06-19 15:41:32,2,spotify:track:52dio5y1qh8qe1xh7s6xm9
645e3807-c00f-4e58-89f6-3f3373e1203b,S8HIHN,K-Pop Fan Hangout,public,active,2026-06-19 15:10:50,b67bd8b7-c2ef-46f2-b752-0407b8ed5341,2026-06-19 16:37:50,4,spotify:track:gayh8nprs6eorv8k0k1mp7
5eaef81a-738e-4ab7-8e6b-a459b19038c0,JMLHOL,EDM Rhythm Match,public,active,2026-06-19 15:11:40,c1323a63-30c3-41c2-a010-6259c8ad8714,2026-06-19 17:39:40,4,spotify:track:dmri8qat07xqhykkrlx0sa
7d9299a4-6fe1-4bf1-bab4-6fd1a1f25fbe,ZBO8WE,Rock Duo Jam,private,active,2026-06-19 15:12:06,a95af4fd-cedb-4891-82b8-7a98a84d797d,2026-06-19 16:34:06,2,spotify:track:dc8mj296ubweclarqz1qqu
c0e4137e-ee92-4e2f-afad-73ab313ef079,U9GTWH,Lo-Fi Focus Partners,private,active,2026-06-19 15:12:18,a9df166f-15a5-405e-8af7-472cba5d2aea,2026-06-19 16:27:18,4,spotify:track:1mb0jgzz3i5t64rfj4gq7j
05a0b6e9-d7b2-4138-935a-f90ef824981e,FKTPG8,Bollywood Duet,private,active,2026-06-19 15:13:28,95999ef1-3dee-413a-91d9-58f1c8b7d3dc,2026-06-19 15:41:28,4,spotify:track:rmwnrevryfulc1oi15f3ku
ff815c1d-5085-46cb-bdba-b2e3f87bf204,BX04QU,Rock Duo Jam,public,active,2026-06-19 15:14:41,bac6d5f1-3c7d-4a24-b9f7-a361d17def20,2026-06-19 17:40:41,2,spotify:track:3h7ib2bpy1w4ux6fegffpe
0f0ca28d-a00d-4d99-9498-3e9be829f5f7,KV1RX7,K-Pop Fan Hangout,public,active,2026-06-19 15:15:09,1fd32b5a-5090-4bc2-ab21-ed5b400a4c80,2026-06-19 18:56:09,2,spotify:track:t6jhmumfbd5r6sfno813kw
f1b03e20-0009-4e9c-8929-eda0d74a839a,BHZOPC,Coding duo,public,active,2026-06-19 15:16:14,a9df166f-15a5-405e-8af7-472cba5d2aea,2026-06-19 15:29:14,4,spotify:track:klafy8lfkjdzf4epolzjcy
cdd8a7ba-208a-4cd0-bff6-170df7def8f8,0F6F6G,Late Night Melodies,private,active,2026-06-19 15:16:49,25e54e8f-c21a-44aa-ba25-ba90dd594590,2026-06-19 18:57:49,4,spotify:track:ngazjatj576u7orq4570qv
60eac8f8-870f-4ba1-b93a-d2e8cc3c3100,LGPA6D,Bollywood Duet,private,active,2026-06-19 15:17:31,9b11cdc8-911e-4fe1-861b-87ff4d9c2093,2026-06-19 17:50:31,4,spotify:track:mfapta9qk7hteo9aepf8ow
d02048f9-066b-46c8-9d0a-3824b0cdf370,FQDEO9,Acoustic Cozy Space,private,active,2026-06-19 15:17:44,f4069231-0d41-4175-853e-0ef898226d97,2026-06-19 15:57:44,4,spotify:track:zl2llleauz24g3ha5ap4mr
0ed0f387-111e-4f7b-aeb9-32922c065f83,Y98J2J,Telugu Melodies Vibe,private,active,2026-06-19 15:18:02,8a52dde1-0eb7-4cdf-a260-8946b5996f11,2026-06-19 18:52:02,2,spotify:track:11ay4r6dfdbh1st8gu10r5
48d12874-2af6-437c-9ec6-97323608da52,S1SPR0,Bollywood Duet,private,active,2026-06-19 15:18:19,09cdf1f0-7630-488c-bfb3-caca63923097,2026-06-19 15:47:19,2,spotify:track:4chd88q8dpjnjrq7uxj4ff
11b7ff29-9d2d-4a9d-9e5a-483098dbc28d,FWZB0M,Indie Chill Room,private,active,2026-06-19 15:20:19,39b3f684-9677-4ff0-bc81-276b045ab4aa,2026-06-19 15:43:19,4,spotify:track:1c0x8vthzq22xptov48ht2
276be847-65ec-43bd-856a-e0d5483084ca,N0LDNB,Lo-Fi Focus Partners,public,active,2026-06-19 15:20:27,252c4b16-8466-4b90-8f96-8f90afd0291f,2026-06-19 17:28:27,2,spotify:track:bvzyhwqzkpdzkqzouvy7wk
30f95ee9-e4bf-4e55-90cf-e6211cf2cba8,1XC7KU,Coding duo,public,active,2026-06-19 15:21:13,b9cebfec-6756-4c31-af63-82cd7e08ca88,2026-06-19 18:14:13,2,spotify:track:2rsdekh7vzo9r7sq32muo3
2c795125-8af1-4c3a-a352-41fe1777a2bc,576UBY,Acoustic Cozy Space,private,active,2026-06-19 15:21:56,7a9d5fb0-a416-4f2e-af89-c7b367d8ff11,2026-06-19 16:57:56,4,spotify:track:pvul4xfyfrzald86hk7cyj
af5fd47f-06f9-4483-85b2-79562325a517,TXIY6T,Late Night Melodies,public,active,2026-06-19 15:23:56,a346bb1e-a7ff-4018-9c61-0eca86df0f61,2026-06-19 18:21:56,2,spotify:track:kx8qeqckvpn1sy8r0h2844
812f9334-139b-4b9a-9039-e391c682f851,WY8H2M,Telugu Melodies Vibe,private,active,2026-06-19 15:25:07,1efe8a03-0ff0-4d5c-aed3-1bdf1a07b889,2026-06-19 18:29:07,2,spotify:track:4hkip4cre0zs4620lwe7hr
57a51835-4d5f-4ebe-89a2-c87f988c3a42,VV6J0O,Bollywood Duet,public,active,2026-06-19 15:25:31,6bd5d031-e68b-47c0-8300-c43f0c2f35f7,2026-06-19 18:56:31,4,spotify:track:ja25765z0xyivzwsn8b2yb
6eba85bf-b5d1-435f-8018-5c6981bc9d49,P8CB6A,Coding duo,public,active,2026-06-19 15:26:24,9fd6178d-2e32-495f-b3aa-e2cb46aef3f6,2026-06-19 18:56:24,2,spotify:track:dcm6ur65t0mmv5zkqva24a
76d97434-6e7b-4ccc-9369-0aa39931d4e8,WK60BA,K-Pop Fan Hangout,public,active,2026-06-19 15:26:48,67465aa7-e829-469c-8151-d4d82a624b55,2026-06-19 18:57:48,4,spotify:track:1n9r98gnes16kyuhe9bfjm
91566d64-0ccd-4b22-ab9d-545dba9dd1f8,K0KWP1,Telugu Melodies Vibe,public,active,2026-06-19 15:27:02,1efe8a03-0ff0-4d5c-aed3-1bdf1a07b889,2026-06-19 17:21:02,2,spotify:track:zdojp6q1cwedw6aa14qlgm
792d0a63-0db7-47ff-b89c-d8a9c301ab45,8SNRBA,Rock Duo Jam,public,active,2026-06-19 15:28:02,c7aaa5f5-beb5-4c7d-b2de-2b8217c691ce,2026-06-19 19:04:02,4,spotify:track:1pwbus22dgozojf5kutjj6
b73f6ec8-2daa-43ff-8c6e-0f6e25b674b7,PYU9HR,Telugu Melodies Vibe,private,active,2026-06-19 15:29:07,373c3697-78cf-4304-af76-ea5a452dad05,2026-06-19 16:37:07,4,spotify:track:oro3o71xvwhhrwkx55wiu5
6e637c77-b4dc-4c53-9949-121e1443a809,6EY7TO,K-Pop Fan Hangout,public,active,2026-06-19 15:29:26,891bc6b6-cdb7-4d63-b086-81a126bb775a,2026-06-19 16:57:26,2,spotify:track:nbqaplz4b1krvli2o2lvwp
7c9c55c1-1c32-4cf4-a74d-a90de642558e,AEX4XV,Indie Chill Room,private,active,2026-06-19 15:29:38,39b3f684-9677-4ff0-bc81-276b045ab4aa,2026-06-19 19:00:38,2,spotify:track:e0ontq16ex2avjgfo35kl5
741028c3-2030-4c22-8cae-d149cc95b301,6118MS,Indie Chill Room,private,active,2026-06-19 15:29:58,e9c9dfc1-58fd-4435-9a97-497d3d3caa5f,2026-06-19 17:27:58,2,spotify:track:d8f2wioc8n4ms9o3zct2om
564f4ab0-7baa-48af-b5f4-efe1b7ccaf8b,1A0961,Acoustic Cozy Space,private,active,2026-06-19 15:31:18,06976bce-6513-48e4-9af3-08e5c05693cd,2026-06-19 18:35:18,4,spotify:track:zl6s0zguddefncbvkr6hs5
2e065175-aa23-4037-83c5-00dacec8028d,1TDRCX,Jazz Corner Session,private,active,2026-06-19 15:33:22,891bc6b6-cdb7-4d63-b086-81a126bb775a,2026-06-19 16:46:22,2,spotify:track:4qw0u51nna8rmq42enm23r
2afeb1db-218e-4bf3-b77b-de93470a8e58,LGSGC2,Jazz Corner Session,public,active,2026-06-19 15:33:43,4fdb4c3e-d350-446e-b914-016b5168675d,2026-06-19 16:20:43,4,spotify:track:ycl4w0c9wt2urhd0jboc15
6fa49a5c-2909-46e3-a342-530fd4cd0327,FLXSPS,Rock Duo Jam,public,active,2026-06-19 15:35:11,a346bb1e-a7ff-4018-9c61-0eca86df0f61,2026-06-19 17:11:11,4,spotify:track:6xf2w2jjkvhuwf51vvnrjd
52b9caa7-8624-43f4-b579-4f19355d9f73,2HFXS2,EDM Rhythm Match,public,active,2026-06-19 15:36:49,1fd32b5a-5090-4bc2-ab21-ed5b400a4c80,2026-06-19 17:50:49,4,spotify:track:t1ky2dqlbstn3pi7zxfqv1
9b5b5b3a-7538-485c-8cd2-89d0526895a5,17SDXS,EDM Rhythm Match,public,active,2026-06-19 15:38:13,046b4c7f-6adc-4235-9e21-95ca0d5c3b3b,2026-06-19 18:33:13,4,spotify:track:nedair4ddd710temwqeaix
72e6d02e-709d-4341-b800-843d4f6e5b84,SBY9E4,Acoustic Cozy Space,public,active,2026-06-19 15:39:11,8061b56b-6e3e-4011-8e9e-620e4c777195,2026-06-19 16:48:11,2,spotify:track:8kkcpeqcahg6uphituc5bi
dedaf6ad-63cf-41a6-b139-0b8ab8fcc6aa,YZQ4XL,K-Pop Fan Hangout,private,active,2026-06-19 15:39:36,6746fcd9-3095-4b62-aa03-12fecb4a285f,2026-06-19 19:14:36,2,spotify:track:odol8gt0q6vs2ow4i6xj5g
14c55f03-359a-446f-99de-bc78637f42fb,CEMOW7,Telugu Melodies Vibe,public,active,2026-06-19 15:40:06,1f2504b1-a8c2-487d-b463-eb1d7a077e48,2026-06-19 17:52:06,2,spotify:track:mv6xhdatuuna3c20c8ja1l
b1b39b85-4e57-42f1-85cd-2b2416bfd9be,2EG6YY,Coding duo,private,active,2026-06-19 15:40:32,a346bb1e-a7ff-4018-9c61-0eca86df0f61,2026-06-19 16:47:32,4,spotify:track:yzq4ozm2sq5635lk2xkf98
2c2a628b-a7dd-4cd0-8f5a-3b178b25636c,7MRPE1,Indie Chill Room,public,active,2026-06-19 15:40:42,252c4b16-8466-4b90-8f96-8f90afd0291f,2026-06-19 16:24:42,2,spotify:track:40l21rp0l1u4j5hl83wnii
59e79c35-890f-4564-8dc5-52fefcdd7c41,CO5LAQ,EDM Rhythm Match,private,active,2026-06-19 15:41:00,046b4c7f-6adc-4235-9e21-95ca0d5c3b3b,2026-06-19 19:05:00,2,spotify:track:75okwv77i842e0dvpr1xpj
ab9caa5f-697f-46af-abe6-395401cadfcc,DCZLOD,Jazz Corner Session,public,active,2026-06-19 15:41:51,046b4c7f-6adc-4235-9e21-95ca0d5c3b3b,2026-06-19 16:10:51,4,spotify:track:gm1hjmf8o6tunxz31rmtw3
7d5478a3-120c-478c-8cbb-b3040785adb3,ILOMHB,Lo-Fi Focus Partners,private,active,2026-06-19 15:41:58,252c4b16-8466-4b90-8f96-8f90afd0291f,2026-06-19 17:38:58,4,spotify:track:duhmu3uhezrnz46rwtlf9w
46e24716-ad8d-429e-8dcd-4739c5111aa6,K76V9Z,Rock Duo Jam,public,active,2026-06-19 15:42:12,55eda42c-ebef-41e1-a9a4-64e2a6eb6bc4,2026-06-19 16:35:12,4,spotify:track:f1x4y33kitcg160umkyc4l
8444c873-b2c0-4bb0-a55c-74f7ab669817,FQR9O7,Indie Chill Room,public,active,2026-06-19 15:42:36,e004d3d6-e3c4-48b9-998b-7b53a075e6c4,2026-06-19 16:27:36,2,spotify:track:c3n4p3gvpsnzpehi9hq5d0
2f4a0094-f2a7-4468-9765-c9fae15873b8,TQWARV,Rock Duo Jam,private,active,2026-06-19 15:43:21,3b8c4752-b3a3-420b-9c74-36921cf61c76,2026-06-19 17:27:21,4,spotify:track:scpl8r1h15wa6d7jznzelc
1b6aa271-a418-4548-b96f-51743d8943e5,YZZYDS,Late Night Melodies,public,active,2026-06-19 15:43:49,6746fcd9-3095-4b62-aa03-12fecb4a285f,2026-06-19 16:58:49,2,spotify:track:6x5digbq94248owdkw5xfk
bdaf74f9-e0ec-4d2e-b931-663b8c675b90,GNQRDE,Lo-Fi Focus Partners,private,active,2026-06-19 15:46:34,b77e12ac-c966-4c38-8d0c-b7afef27f6db,2026-06-19 16:56:34,4,spotify:track:7nhvllb4hd6uveb8cp13se
596b63be-8293-4868-9771-1b6122ace4c8,W2D66M,Jazz Corner Session,private,active,2026-06-19 15:46:42,22a990f3-a58e-4b79-a832-f797a1f2489f,2026-06-19 16:28:42,4,spotify:track:lr73lyn0ww66skdoqli8te
264b0f03-d8db-42f0-ba83-012d89537773,3XXXDW,Indie Chill Room,public,active,2026-06-19 15:47:20,7a9d5fb0-a416-4f2e-af89-c7b367d8ff11,2026-06-19 17:14:20,4,spotify:track:2ggngy6aj81nb03qic7wvt
fce3a7a8-56f9-4876-819f-4e42028b4d55,O25L3S,Bollywood Duet,private,active,2026-06-19 15:48:10,8061b56b-6e3e-4011-8e9e-620e4c777195,2026-06-19 16:13:10,4,spotify:track:g6wzesllu2ghd8vlkib936
2e18dea2-b43c-4585-93d2-7b5dbf3aa6d7,OOUV11,Coding duo,public,active,2026-06-19 15:48:30,95999ef1-3dee-413a-91d9-58f1c8b7d3dc,2026-06-19 18:15:30,2,spotify:track:rjqre9wt5ty6uqqv5pw05d
0800474e-5257-416c-b815-8fd146c34eb2,UW9Y7Z,Late Night Melodies,public,active,2026-06-19 15:49:03,e9c9dfc1-58fd-4435-9a97-497d3d3caa5f,2026-06-19 19:14:03,2,spotify:track:5hso2a3r7dbnfdbour1eat
ead319e5-c3c3-48fb-9e0f-6454501e2404,8QVCYT,Lo-Fi Focus Partners,public,active,2026-06-19 18:25:00,a346bb1e-a7ff-4018-9c61-0eca86df0f61,2026-06-19 19:48:00,2,spotify:track:8ubr08bggjr837jp42h5nh
840ac4da-38fd-494a-bb55-01e7148d0c8e,XDYB4H,K-Pop Fan Hangout,private,active,2026-06-19 18:25:47,1876e0cb-1cae-42b9-9e47-a01e7d06bab2,2026-06-19 21:20:47,2,spotify:track:4jnb6qsnteuiwdplne5z4t
7f8d4491-690b-4b12-b49c-4322ebddc018,S9K1I2,Bollywood Duet,private,active,2026-06-19 18:26:14,fe3011a0-c931-4512-aa21-3b4013c88951,2026-06-19 19:15:14,2,spotify:track:j53jfmuj0s1bz3hmfdqowi
aff5687e-9630-4488-aa7b-967238cabe73,U0BMCV,Jazz Corner Session,public,active,2026-06-19 18:26:42,22a990f3-a58e-4b79-a832-f797a1f2489f,2026-06-19 20:22:42,4,spotify:track:0mvgk22c7bxoq6sd9t1nxb
940ce6d9-c704-4dc0-acfd-60063cba4e96,DHFIG8,Rock Duo Jam,private,active,2026-06-19 18:28:16,09cdf1f0-7630-488c-bfb3-caca63923097,2026-06-19 21:40:16,2,spotify:track:qew0ak6lpei3zb8ajrqf07
3be0aac6-a064-4d7b-b36f-9f4144cc2a5b,FZJ94C,K-Pop Fan Hangout,private,active,2026-06-19 18:28:33,061b5104-ae8b-4699-b5cf-5e040ea1b762,2026-06-19 21:58:33,2,spotify:track:v68cmg17n531czwcoyl86s
b0bb830a-8832-461c-8cd3-0fca9321c241,EG8XLV,Bollywood Duet,private,active,2026-06-19 18:28:39,09cdf1f0-7630-488c-bfb3-caca63923097,2026-06-19 22:28:39,2,spotify:track:yjext504bi4rb04c7yxpp7
ec23d213-d4dc-4f0a-8ef0-27828b7ff7a4,3M0D0T,Bollywood Duet,private,active,2026-06-19 18:28:45,9f7f4ca0-5afb-45d7-be70-b6d8d99b98ac,2026-06-19 21:42:45,4,spotify:track:uj1vz6sy5ibu64h7q6nizm
f6882329-f1d6-4115-9e90-d909af4e58e1,AQZ6CT,Jazz Corner Session,private,active,2026-06-19 18:28:56,f4069231-0d41-4175-853e-0ef898226d97,2026-06-19 19:01:56,2,spotify:track:6mgt1oji4wiky2d15b29zw
b7d75048-1f7f-4ef0-af86-d0e4ccfc28a9,GDTDGI,Telugu Melodies Vibe,public,active,2026-06-19 18:29:24,252c4b16-8466-4b90-8f96-8f90afd0291f,2026-06-19 19:02:24,2,spotify:track:x8fc0nael2bamdb9aydkx3
bbcdc6db-b2a9-459a-a42d-c9daa060621c,87NOA6,K-Pop Fan Hangout,public,active,2026-06-19 18:30:32,0ce42ca3-c85d-4327-b49d-0e8adb74d2c9,2026-06-19 20:08:32,2,spotify:track:nostt8gsfg7yutqua1og2t
780169aa-b3c7-4b71-bd26-3abf27644501,D831WZ,Jazz Corner Session,public,active,2026-06-19 18:30:38,618b0ae7-0fff-48fb-9370-a843df38b9c6,2026-06-19 19:45:38,4,spotify:track:0isng0z6bmjalf95flvgtd
28906cc1-6825-4e69-ac42-cd8144af4ad9,W8ETDS,Indie Chill Room,public,active,2026-06-19 18:31:16,a346bb1e-a7ff-4018-9c61-0eca86df0f61,2026-06-19 19:57:16,4,spotify:track:vt31qfx5r5o8t0fqr34nxp
1a39bffc-d48a-4d8f-9d5d-f1ce21da0baa,06INWP,Bollywood Duet,public,active,2026-06-19 18:31:33,9f7f4ca0-5afb-45d7-be70-b6d8d99b98ac,2026-06-19 19:24:33,2,spotify:track:p9pp0xj3lscn4damtndr4q
88e12766-f14f-466b-8868-68c9a2cd6bc6,PVPK16,Acoustic Cozy Space,public,active,2026-06-19 18:31:39,06976bce-6513-48e4-9af3-08e5c05693cd,2026-06-19 21:09:39,2,spotify:track:40pgdofivtm539u2xq5s6o
735544d8-81ec-4c74-8e6c-4127d4e7b22e,34MRYQ,Jazz Corner Session,private,active,2026-06-19 18:32:01,91f76402-014a-41d8-baee-d588af33b23a,2026-06-19 21:22:01,4,spotify:track:98749w8xgeamzxxvawxig8
1e8269d7-f124-45a1-ba06-0f2e6b4ebac8,2ERF8K,Acoustic Cozy Space,private,active,2026-06-19 18:32:15,046b4c7f-6adc-4235-9e21-95ca0d5c3b3b,2026-06-19 20:13:15,4,spotify:track:pajv210o8bd9q1nlllvtsp
bf610eec-f1b0-4bcb-9b39-1aea3cab3503,XND7Q8,Telugu Melodies Vibe,private,active,2026-06-19 18:32:53,95999ef1-3dee-413a-91d9-58f1c8b7d3dc,2026-06-19 20:20:53,2,spotify:track:dz4m0j1wiht3vn8d3dnwct
770641e7-2262-43df-95ed-45b2168c34a7,P5G90R,Jazz Corner Session,public,active,2026-06-19 18:33:30,9b11cdc8-911e-4fe1-861b-87ff4d9c2093,2026-06-19 19:37:30,4,spotify:track:qj8a77samk6ncw0uie2xzf
373f84ad-268a-46fe-bebe-58ed2b990f4a,J03BG8,Late Night Melodies,private,active,2026-06-19 18:34:18,8c1c7130-727a-4ee2-99f4-710a13ac717a,2026-06-19 21:56:18,2,spotify:track:qhywbtnug9nkmlqvuoezms
51c74c8f-9ce2-41bd-92f9-60a21d625a53,V46DNV,Coding duo,public,active,2026-06-19 18:35:00,1fd32b5a-5090-4bc2-ab21-ed5b400a4c80,2026-06-19 21:26:00,4,spotify:track:repd1xw6c8o1v9zu7tlq9y
71dde95e-3e32-4770-9b38-f4d7dde226ec,2N2BXF,Acoustic Cozy Space,public,active,2026-06-19 18:35:12,91f76402-014a-41d8-baee-d588af33b23a,2026-06-19 21:13:12,4,spotify:track:c9uxyxb9l3qt14olsf1vhf
409f5f0b-678d-421b-bb03-b2191d29b3d9,LK4PQC,Indie Chill Room,public,active,2026-06-19 18:35:23,6108e19c-0b10-42b2-bc4a-a75f74a31b89,2026-06-19 22:29:23,2,spotify:track:9nsay9tprqtso7jrh78r9i
a7a46732-7b7a-4ed4-8b5c-767e8d66d0a1,HBXLC3,K-Pop Fan Hangout,public,active,2026-06-19 18:36:32,09cdf1f0-7630-488c-bfb3-caca63923097,2026-06-19 21:20:32,4,spotify:track:krbkgsayblx0gscmby6vlg
464448a4-5231-4025-88f5-6420b3ab4b5a,QJAUAU,EDM Rhythm Match,public,active,2026-06-19 18:37:15,55829a23-649b-4c07-8fac-48687f0dbbf1,2026-06-19 20:26:15,4,spotify:track:6oxmrk78d2jry5ti99dj9y
014c3030-7596-4950-ba9e-76138604f747,N2FWSK,Indie Chill Room,public,active,2026-06-19 18:37:48,a95af4fd-cedb-4891-82b8-7a98a84d797d,2026-06-19 21:27:48,2,spotify:track:kyj93ksoh2fxhewvmnau4e
01b72abe-13c0-4e43-a468-d7604aa5c6da,G7SQO0,Coding duo,private,active,2026-06-19 18:38:59,a1b14426-054b-47a9-bd5c-a247a9851925,2026-06-19 22:03:59,4,spotify:track:rytpm6hozwd35r3kajuvho
28b4a0da-679d-4f30-b7b7-bc1694f73451,GMNBKV,Bollywood Duet,public,active,2026-06-19 18:39:04,0f42e55c-e2f1-4ef6-959b-0e39485b881f,2026-06-19 22:20:04,4,spotify:track:bcusaslx5mn8a8oopegqyk
3d938fe4-c392-45be-bd3b-4e7b9bf66ef3,BO8BDX,Late Night Melodies,private,active,2026-06-19 18:40:09,c53a6b3a-df85-4ade-9c4e-78a656ae0d51,2026-06-19 18:51:09,2,spotify:track:vmtyi9k9uukrvx5l6pj0b3
d3a875d1-ebd7-4d6e-90fb-9d223567fd97,UOKNXK,Late Night Melodies,public,active,2026-06-19 18:40:20,9ab76931-aeeb-4afa-bd81-01968bc461c6,2026-06-19 20:21:20,2,spotify:track:ef94paabndl2y0cw7l6bej
155f40d6-61b4-4c81-93db-a9729c66e97b,KLOLS5,EDM Rhythm Match,public,active,2026-06-19 18:40:32,6bd5d031-e68b-47c0-8300-c43f0c2f35f7,2026-06-19 19:39:32,4,spotify:track:mv5g7rigygg7yierz9t549
9c292817-0b3e-40ca-9393-02255292b986,GAWDB5,Jazz Corner Session,public,active,2026-06-19 18:41:46,16680d46-fc8a-4691-8b00-b09bc2004a19,2026-06-19 19:29:46,4,spotify:track:4gzlp483fxlkjr5049ph30
fbc2582c-a362-48b7-b593-a81aadd6f405,98YIQJ,Telugu Melodies Vibe,public,active,2026-06-19 18:42:08,1876e0cb-1cae-42b9-9e47-a01e7d06bab2,2026-06-19 22:13:08,4,spotify:track:0aumuabe39suio008946uz
e9ad38ed-07a7-429d-8287-84740fe87a01,O9H4WT,Coding duo,public,active,2026-06-19 18:42:32,9fd6178d-2e32-495f-b3aa-e2cb46aef3f6,2026-06-19 21:05:32,2,spotify:track:8t7ike486lhml3gbld02i7
f30029ce-a508-4515-a3cb-60fbd8b9f09a,94820G,K-Pop Fan Hangout,public,active,2026-06-19 18:42:39,a9df166f-15a5-405e-8af7-472cba5d2aea,2026-06-19 21:05:39,2,spotify:track:3tjd44f1tl426d7ds0wstq
f2de240e-86ed-41b2-9c88-01a55c6adf33,C3EEYS,K-Pop Fan Hangout,private,active,2026-06-19 18:43:07,cfb82812-3cd3-47ac-aba4-f0ec54e7a3a0,2026-06-19 19:57:07,2,spotify:track:jn5xnozpjimb067q674b1d
6cc5dddd-d460-452e-bc6b-f0a1a85d8d90,GEV4LL,Acoustic Cozy Space,private,active,2026-06-19 18:44:47,55eda42c-ebef-41e1-a9a4-64e2a6eb6bc4,2026-06-19 21:51:47,4,spotify:track:il0essut1qi9ozk5wgoeyq
a9c25071-2d45-4dbe-ae91-efbab19e3a6b,SO0MZV,Lo-Fi Focus Partners,public,active,2026-06-19 18:45:03,9f7f4ca0-5afb-45d7-be70-b6d8d99b98ac,2026-06-19 19:22:03,4,spotify:track:3chyhld7sj0dwa2kpwh3na
abdb97a3-c81b-480a-a022-86406682f93f,PVDXNU,Indie Chill Room,private,active,2026-06-19 18:45:16,c53a6b3a-df85-4ade-9c4e-78a656ae0d51,2026-06-19 22:01:16,4,spotify:track:3xwu92wpy2vstnd6qf637f
d5d17fea-3fa7-4af5-b381-f640f7982ac1,WLJ2NH,K-Pop Fan Hangout,private,active,2026-06-19 18:45:32,1efe8a03-0ff0-4d5c-aed3-1bdf1a07b889,2026-06-19 19:43:32,2,spotify:track:qchv99xxjdi7jal1hrpz85
35be0f0b-523d-433f-b131-1f56c9632763,UQADP4,Coding duo,public,active,2026-06-19 18:45:34,f81e6b29-87f2-43e5-b30f-a6811cfd9c3d,2026-06-19 22:34:34,2,spotify:track:1qeihn5r3tnvi3koxuqasl
24cb6444-37af-4a25-be32-4b4afe32fe2f,JF46XY,Acoustic Cozy Space,public,active,2026-06-19 18:47:43,f4069231-0d41-4175-853e-0ef898226d97,2026-06-19 19:25:43,4,spotify:track:yj3ss296qzjzaa14wi92gi
c7122e19-06f0-4d32-9052-12d023c638c1,HYANBN,Telugu Melodies Vibe,private,active,2026-06-19 18:49:14,a1b14426-054b-47a9-bd5c-a247a9851925,2026-06-19 19:28:14,2,spotify:track:jb1drppdjwvriay5haf7oz
0cb4024a-b316-4ea0-87e1-247980d1379b,96K2RA,Lo-Fi Focus Partners,private,active,2026-06-19 18:50:03,618b0ae7-0fff-48fb-9370-a843df38b9c6,2026-06-19 21:30:03,4,spotify:track:8rn18o0ypbcakt94ujwkpq
b1743102-69f9-4c94-94df-1392dd0e0569,I21KAV,Rock Duo Jam,public,active,2026-06-19 18:50:09,22a990f3-a58e-4b79-a832-f797a1f2489f,2026-06-19 19:00:09,4,spotify:track:1krbh7jvczzfdh6eyy693b
74c52d8f-eb51-44e9-8876-174de0e29145,XULOFJ,Indie Chill Room,private,active,2026-06-19 18:50:30,39b3f684-9677-4ff0-bc81-276b045ab4aa,2026-06-19 19:07:30,2,spotify:track:fekefuqlmmdkw9ypjs7f4j
b837b486-f218-403c-941e-d8a2a45d3edf,E8FS2N,Coding duo,private,active,2026-06-19 18:50:58,c7aaa5f5-beb5-4c7d-b2de-2b8217c691ce,2026-06-19 21:53:58,2,spotify:track:8mnsl2fm4pn7j2xy7jzo36
e8e65df0-e0b6-48a0-8868-44dcc73e5846,MU2CJB,Indie Chill Room,public,active,2026-06-19 18:52:07,b77e12ac-c966-4c38-8d0c-b7afef27f6db,2026-06-19 19:04:07,4,spotify:track:gftfd58bng4dm16lh1u2c3
b75c1e9b-3c3f-4fe8-bca9-8eaf99da712e,DADFCT,Late Night Melodies,public,active,2026-06-19 18:52:55,bb309fa2-47fc-4d74-b2e2-6b6c986fbd34,2026-06-19 22:32:55,4,spotify:track:do4ziearspm6x08j0srn42
35c947a1-a5b3-4eb7-80ea-5b624dd46ef1,7SUXFB,EDM Rhythm Match,public,active,2026-06-19 18:53:28,bb309fa2-47fc-4d74-b2e2-6b6c986fbd34,2026-06-19 19:42:28,2,spotify:track:uxmg6na31shjemm2k3bdxa
0a1cf7a2-920b-4f8e-849c-ed546f4d94ac,9T1V2C,Lo-Fi Focus Partners,private,active,2026-06-19 18:53:39,1c92f5ed-55b7-4c90-8efa-2741a382d3e3,2026-06-19 20:16:39,4,spotify:track:xvv4l2833dnl4tuukk2yud
2a27c8aa-f0ea-4792-8896-90602719c0d9,LDZ951,Acoustic Cozy Space,public,active,2026-06-19 18:53:56,38be73d8-5ac3-452f-9590-060525df25af,2026-06-19 20:03:56,4,spotify:track:6t9w37d2ry5dn3ak2pg8km
f5c11f03-336d-439c-a76f-3602e48e8ac4,V8NEAK,Telugu Melodies Vibe,private,active,2026-06-19 18:54:47,0ce42ca3-c85d-4327-b49d-0e8adb74d2c9,2026-06-19 19:48:47,4,spotify:track:nz08psipqzcqed4kt4ut5f
9df62974-f496-4c17-a97a-ccb97d8a8b2c,14UQN3,Lo-Fi Focus Partners,public,active,2026-06-19 18:54:58,9f7f4ca0-5afb-45d7-be70-b6d8d99b98ac,2026-06-19 19:59:58,2,spotify:track:13x9edwzc2o6usbi3lx01i
ce04eea0-70f3-455d-9d1f-dc5dbfe4522a,SDTYEI,Telugu Melodies Vibe,public,active,2026-06-19 18:55:32,95999ef1-3dee-413a-91d9-58f1c8b7d3dc,2026-06-19 19:22:32,4,spotify:track:gvz9v2jqnfrueuto47xqow
b7e6b615-4c85-4a6f-abe7-3f2cb3a87d6d,6PF6AA,Indie Chill Room,public,active,2026-06-19 18:56:19,4fdb4c3e-d350-446e-b914-016b5168675d,2026-06-19 21:05:19,4,spotify:track:ocga6jlgrfvsonc0mxildz
f5343382-f466-408d-8d99-4527408413c8,DON9SV,Bollywood Duet,private,active,2026-06-19 18:56:26,95999ef1-3dee-413a-91d9-58f1c8b7d3dc,2026-06-19 20:53:26,2,spotify:track:nj01pvpk5kjg62m3l1jjuq
755a7edf-39eb-406f-b494-844a3464741d,5D0QPI,Lo-Fi Focus Partners,public,active,2026-06-19 18:57:19,061b5104-ae8b-4699-b5cf-5e040ea1b762,2026-06-19 21:55:19,4,spotify:track:4u4r0gg7bwce8zyj63yqnr
fdfa742f-86bd-4f4f-8c4b-2a2962dca35b,88S4VG,K-Pop Fan Hangout,private,active,2026-06-19 18:57:31,373c3697-78cf-4304-af76-ea5a452dad05,2026-06-19 20:28:31,4,spotify:track:fa09t7e31f3k4j2yq4i8ws
477ec268-c582-4b2e-a593-85c5ed51077a,FWOXM8,Late Night Melodies,private,active,2026-06-19 18:58:29,8e8dc62e-dec8-4a50-99cf-d96a02710343,2026-06-19 21:21:29,2,spotify:track:cv2ffe2occgknicakvfdpq
84abbca9-a071-4879-9b5c-9b450e1c27f5,133PXS,EDM Rhythm Match,private,active,2026-06-19 18:58:46,55eda42c-ebef-41e1-a9a4-64e2a6eb6bc4,2026-06-19 22:26:46,2,spotify:track:3yp5rtqg33ehp1za9zfu34
0ce4be11-5eb5-4e6d-8cec-a2ed47504ad3,6WW878,Bollywood Duet,private,active,2026-06-19 18:58:57,1f2504b1-a8c2-487d-b463-eb1d7a077e48,2026-06-19 20:28:57,2,spotify:track:bqca7sw5v4d3ksmxetjrk7
ca731510-3f66-40ce-90c0-2f725aa70f92,L8OKQK,K-Pop Fan Hangout,public,active,2026-06-19 18:59:35,e9c9dfc1-58fd-4435-9a97-497d3d3caa5f,2026-06-19 22:05:35,2,spotify:track:26f5m6k53tbhwt856yjdwg
3865e126-07f9-4872-a828-29664ad57e6f,K99KZ6,Telugu Melodies Vibe,private,active,2026-06-19 19:00:09,2ceca7b2-cf0d-4e98-81b8-104bab7143c9,2026-06-19 21:39:09,4,spotify:track:hwnn7ydgmjyb3wu4ae1nz4
1fea8cde-b26d-47ff-8b18-f23cb511002f,2X6OG2,K-Pop Fan Hangout,private,active,2026-06-19 19:00:31,8061b56b-6e3e-4011-8e9e-620e4c777195,2026-06-19 19:43:31,4,spotify:track:rufjgbi509luu07l6ed6z8
a6fbb3ef-21ea-4a43-8494-0d4d8c06c513,SFMFT1,Bollywood Duet,private,active,2026-06-19 19:00:48,bac6d5f1-3c7d-4a24-b9f7-a361d17def20,2026-06-19 22:20:48,2,spotify:track:spoqgleo4uwwona30crf0n
319d5948-bc15-4371-8b4b-97940152ae7e,XIQWNY,Jazz Corner Session,public,active,2026-06-19 19:01:31,046b4c7f-6adc-4235-9e21-95ca0d5c3b3b,2026-06-19 22:49:31,2,spotify:track:cbhm23gocbjgl1j64t7v00
5d61114d-5950-4209-bc12-d9345652a895,SLJJCU,Jazz Corner Session,private,active,2026-06-19 19:02:47,061b5104-ae8b-4699-b5cf-5e040ea1b762,2026-06-19 20:25:47,2,spotify:track:p0khr2oaztybpka1v1nh2l
54c5d180-0ecb-4f93-8402-2aa39f90221e,6T6QTF,Rock Duo Jam,public,active,2026-06-19 19:03:09,a9df166f-15a5-405e-8af7-472cba5d2aea,2026-06-19 22:26:09,2,spotify:track:urzvpke0linjf2zdrla7cj
a06c2c45-681c-488b-a110-1f33440b4ae4,8G5R6U,Jazz Corner Session,public,active,2026-06-19 19:03:32,e9a7d752-9b25-4616-92b3-edb905512202,2026-06-19 21:10:32,4,spotify:track:n150e7stjn4zbg20vqc8ox
a4429c17-4592-40dd-87d7-84824dc8da00,1FB6XH,K-Pop Fan Hangout,public,active,2026-06-19 19:04:20,12322423-8605-4a4d-a56e-320798952caf,2026-06-19 20:16:20,2,spotify:track:qkcqd9o9tmvq7oqovszmlb
cf96fe6f-eda6-4634-847a-4bb053de2912,QL9ZN0,Indie Chill Room,private,active,2026-06-19 19:04:31,9ab76931-aeeb-4afa-bd81-01968bc461c6,2026-06-19 21:12:31,4,spotify:track:tp4ka65l5skdubucmb4h5s
84e2268c-799c-4e49-83bf-ed7c6d3e20ed,CUELRE,Lo-Fi Focus Partners,private,active,2026-06-19 19:04:58,373c3697-78cf-4304-af76-ea5a452dad05,2026-06-19 20:47:58,4,spotify:track:r6swudderz2xvszllq1hgq
cb0ae071-de6e-4892-9653-7d9e338fb3be,4Y4LRL,Lo-Fi Focus Partners,public,active,2026-06-19 19:05:04,2ceca7b2-cf0d-4e98-81b8-104bab7143c9,2026-06-19 23:01:04,2,spotify:track:vwvxubguvdjhenh1spkbx3
4d8417df-cc52-489a-9513-17152d21a77c,XNDAUH,Lo-Fi Focus Partners,private,active,2026-06-19 19:05:10,cfb82812-3cd3-47ac-aba4-f0ec54e7a3a0,2026-06-19 23:01:10,2,spotify:track:ff9dedgvycc6uoxr75013z
5219cc49-a1b7-46c4-acc9-d8dcf776afe1,38CT9P,Telugu Melodies Vibe,private,active,2026-06-19 19:05:58,4fdb4c3e-d350-446e-b914-016b5168675d,2026-06-19 19:24:58,2,spotify:track:rjqrw8kakytyqwrtaxg3qj
5a5be46a-25a6-45f7-91de-77219556d3ee,H4XPXS,Lo-Fi Focus Partners,public,active,2026-06-19 19:08:08,604cc5c8-b374-4801-ad23-e6a8e117d809,2026-06-19 22:42:08,2,spotify:track:m6h7hhbqutgvg6j82sxsv7
b5ac9ac4-f44c-460d-895e-bc33fdf46f1c,WDQZVI,Telugu Melodies Vibe,private,active,2026-06-19 19:08:14,f4069231-0d41-4175-853e-0ef898226d97,2026-06-19 20:37:14,2,spotify:track:1sy4g43ncngzy6o92xio4a
04cbf314-8198-4de6-873e-cb76886fc60e,NKAUIF,Indie Chill Room,private,active,2026-06-19 19:08:25,22a990f3-a58e-4b79-a832-f797a1f2489f,2026-06-19 21:44:25,2,spotify:track:me019cvlkkb5b86exgsigc
e947719b-51e5-45a6-9b8b-0d76ba7f1d8e,PBJJJN,Rock Duo Jam,private,active,2026-06-19 19:09:08,a1b14426-054b-47a9-bd5c-a247a9851925,2026-06-19 19:35:08,4,spotify:track:in347ntdcc4p45il23qtja
3dc6efba-9861-446c-9218-bb1109866b21,MIPS92,Acoustic Cozy Space,private,active,2026-06-19 19:10:56,891bc6b6-cdb7-4d63-b086-81a126bb775a,2026-06-19 22:30:56,4,spotify:track:wk3he86u36uqlnz5k6xue3
bd34bb38-21ef-4337-8d5c-946fc7a4c9e0,0S6ZF6,Telugu Melodies Vibe,public,active,2026-06-19 19:11:24,cfb82812-3cd3-47ac-aba4-f0ec54e7a3a0,2026-06-19 21:18:24,2,spotify:track:jlxuwfy9sx1w1vh8z7sl58
1faf992f-0b7c-40ff-82e3-3214d84e69f4,P2FBHS,Indie Chill Room,public,active,2026-06-19 19:11:31,a35c2cf1-67e9-494e-bbb2-3606ec946d9e,2026-06-19 22:34:31,2,spotify:track:bkfb0wtgvk89thp8d7wl6m
b4179a63-6ad6-44e8-96f1-48a3e00199da,G99VMQ,Jazz Corner Session,private,active,2026-06-19 19:12:03,1efe8a03-0ff0-4d5c-aed3-1bdf1a07b889,2026-06-19 22:28:03,2,spotify:track:7p0t9cq29al8xhvljq821f
d2a09b3f-edd1-467c-96de-bc552d3d4358,DYIS5E,Rock Duo Jam,public,active,2026-06-19 19:12:19,6746fcd9-3095-4b62-aa03-12fecb4a285f,2026-06-19 20:18:19,4,spotify:track:b03i5edbnbrgaq3p7to2g9
d2f9b94f-48a8-428e-9ab8-094ce2098baa,T7LK5N,Acoustic Cozy Space,public,active,2026-06-19 19:13:07,8592972f-fa8c-430f-b937-da5d53ec0f79,2026-06-19 20:07:07,2,spotify:track:gsmcxlteet24st2y3ile3v
5e3d5707-d3d5-4b76-8490-c7428bc4e259,3MDB9I,K-Pop Fan Hangout,public,active,2026-06-19 19:13:29,f4069231-0d41-4175-853e-0ef898226d97,2026-06-19 19:48:29,4,spotify:track:1hb6e5oqhzhmqwby9f3t21
429853f9-b80d-4774-ab8e-665bf295886e,NWG5KU,Rock Duo Jam,private,active,2026-06-19 19:13:51,1fd32b5a-5090-4bc2-ab21-ed5b400a4c80,2026-06-19 22:48:51,2,spotify:track:iulxhnos72z7vhk1wc8x8c
6860cf58-727a-478b-b66d-99923662d91f,J1DJNG,Indie Chill Room,private,active,2026-06-19 19:13:57,12322423-8605-4a4d-a56e-320798952caf,2026-06-19 22:09:57,4,spotify:track:jbkr891ryza3yhlp38v3z6
83347974-32b0-4f6f-89c3-443dbf93f142,AW6G8W,Coding duo,private,active,2026-06-19 19:14:23,22a990f3-a58e-4b79-a832-f797a1f2489f,2026-06-19 20:41:23,4,spotify:track:2b2fd9o5f3s44ofogu65o9
600419a5-c087-4d95-9b4e-805c982fb0c1,E7VZ29,Acoustic Cozy Space,private,active,2026-06-19 19:14:40,046b4c7f-6adc-4235-9e21-95ca0d5c3b3b,2026-06-19 19:49:40,2,spotify:track:aso9yqaaeboih9rajfyr5d
49a754a2-7c76-48a7-8e02-e485e3ad7284,MHTZFX,Jazz Corner Session,public,active,2026-06-19 19:14:52,cfb82812-3cd3-47ac-aba4-f0ec54e7a3a0,2026-06-19 20:31:52,4,spotify:track:bpgiefncqs10kuc7mq9saj
5b08c87a-ddb3-43f2-b000-9133d7764ed6,R3NJVH,EDM Rhythm Match,private,active,2026-06-19 19:15:14,12322423-8605-4a4d-a56e-320798952caf,2026-06-19 22:17:14,2,spotify:track:bytvm08scxe8brcvto2td8
68e62c6b-4cbd-4a52-84ef-315f149b092c,CE65Q4,Rock Duo Jam,private,active,2026-06-19 19:15:57,891bc6b6-cdb7-4d63-b086-81a126bb775a,2026-06-19 20:18:57,4,spotify:track:9x2wlq8w90d18a4kq7gus7
0ca7ff3d-57ca-4aff-876e-1ad78d5b2a06,9Q6W0U,K-Pop Fan Hangout,private,active,2026-06-19 19:16:09,38be73d8-5ac3-452f-9590-060525df25af,2026-06-19 22:36:09,4,spotify:track:ysbtzq1ufdxcy2fo1hm7yi
ca3604d8-719b-4e22-88af-af2ffa7670ba,HQKGLU,Indie Chill Room,public,active,2026-06-19 19:17:43,6bd5d031-e68b-47c0-8300-c43f0c2f35f7,2026-06-19 22:45:43,4,spotify:track:mcp6g6ecjag5nlipcdctpj
47948f66-c32f-45b0-a67e-e4fc44b97034,XNROCK,Bollywood Duet,public,active,2026-06-19 19:17:54,4fdb4c3e-d350-446e-b914-016b5168675d,2026-06-19 20:32:54,4,spotify:track:x79jzwq3nfn4auumgipk0y
f7d4364d-ed71-4a25-afa4-2a06e1b3778e,CPIQIL,Coding duo,public,active,2026-06-19 19:18:47,e9a7d752-9b25-4616-92b3-edb905512202,2026-06-19 22:37:47,4,spotify:track:g3yn88hkzhtr2pgr55penw
08d958b7-d477-443a-a21f-a6e8fcb0a6b5,LFH9G5,EDM Rhythm Match,public,active,2026-06-19 19:18:54,8592972f-fa8c-430f-b937-da5d53ec0f79,2026-06-19 20:31:54,2,spotify:track:7v0mc3b6lebwqzqmkvnix4
7dd5dd8e-8797-460c-a757-cf9ec81ebe15,QF3UWR,EDM Rhythm Match,public,active,2026-06-19 19:19:10,618b0ae7-0fff-48fb-9370-a843df38b9c6,2026-06-19 22:35:10,2,spotify:track:73qheyy8cqzpagwrdceefn
31fed687-2caa-4f1a-849a-9eb77f01fc6f,YK0G59,Late Night Melodies,public,active,2026-06-19 19:19:38,8a52dde1-0eb7-4cdf-a260-8946b5996f11,2026-06-19 23:13:38,2,spotify:track:z03xfssk6fzg1t4y5xg5gy
11aafda7-68aa-4b47-802e-e381d395ea29,IPUDF7,Rock Duo Jam,public,active,2026-06-19 19:21:58,1efe8a03-0ff0-4d5c-aed3-1bdf1a07b889,2026-06-19 22:49:58,4,spotify:track:rx452nfp38jm4dcct4uj36
49f1f91a-ca35-4a6c-824f-c88a413a2e2a,RVLIDT,Acoustic Cozy Space,public,active,2026-06-19 19:22:09,bb309fa2-47fc-4d74-b2e2-6b6c986fbd34,2026-06-19 20:12:09,2,spotify:track:5d7443g6f4pkgzbqpsm0rh
c44767a4-17fe-43a8-b27e-ff5b69c30f57,X0C5EY,Jazz Corner Session,private,active,2026-06-19 19:22:21,e004d3d6-e3c4-48b9-998b-7b53a075e6c4,2026-06-19 21:33:21,4,spotify:track:8irjgglsa5dd9uhy6v0mxp
08d768e1-b0d5-4641-80bd-b97ead2f102e,A0B054,Coding duo,private,active,2026-06-19 19:23:27,fe3011a0-c931-4512-aa21-3b4013c88951,2026-06-19 21:14:27,2,spotify:track:n3v6ns9xrictvvf7xzi6rx
b64497a0-2261-4503-a799-36564c4607d7,0679XB,Coding duo,public,active,2026-06-19 19:23:49,12322423-8605-4a4d-a56e-320798952caf,2026-06-19 22:47:49,2,spotify:track:1x90u5fp1agn9sl2j3by3o
da96a408-4864-47fd-b8c2-f88fce99f86b,VTAV0D,EDM Rhythm Match,public,active,2026-06-19 19:23:55,95999ef1-3dee-413a-91d9-58f1c8b7d3dc,2026-06-19 21:57:55,2,spotify:track:5392u9td91ymr138ij0zie
52481676-8ba3-4911-b0ef-7d25a49b6859,OZNCD9,Bollywood Duet,private,active,2026-06-19 19:24:17,39b3f684-9677-4ff0-bc81-276b045ab4aa,2026-06-19 20:32:17,2,spotify:track:41swn2dienki4gd2uhkwjk
31896b40-0d81-494c-9b9a-67c75199548e,YTHY06,Bollywood Duet,public,active,2026-06-19 19:24:28,a35c2cf1-67e9-494e-bbb2-3606ec946d9e,2026-06-19 19:55:28,4,spotify:track:j40vndv5cpmw5iid7vfu1s
345295fd-2a52-4f14-8375-7254289522d5,YZZD7J,Acoustic Cozy Space,public,active,2026-06-19 19:25:01,95999ef1-3dee-413a-91d9-58f1c8b7d3dc,2026-06-19 20:36:01,4,spotify:track:w8hjimnwphm79emmep8dz4
c6140a47-da9f-4d12-a786-bb8b0f908b78,D8P19M,Late Night Melodies,private,active,2026-06-19 19:25:08,8a52dde1-0eb7-4cdf-a260-8946b5996f11,2026-06-19 22:58:08,2,spotify:track:jkmx2y5mlow62xnwz4d76b
4a58900e-0e03-427b-9730-e9176755dbcb,QS5O6H,Indie Chill Room,private,active,2026-06-19 19:25:14,618b0ae7-0fff-48fb-9370-a843df38b9c6,2026-06-19 20:41:14,4,spotify:track:c1x8zmojo9fz71g2qiqsos
4754f44b-c990-46c4-8a78-7a6fcd309be8,FEX6DC,Telugu Melodies Vibe,public,active,2026-06-19 19:25:22,1c92f5ed-55b7-4c90-8efa-2741a382d3e3,2026-06-19 22:07:22,4,spotify:track:k3k1afa7jvyp13c3jhj6q8
72b947ec-e166-44d7-a093-61f5d2994bce,DCB835,EDM Rhythm Match,private,active,2026-06-19 19:25:27,55eda42c-ebef-41e1-a9a4-64e2a6eb6bc4,2026-06-19 21:32:27,2,spotify:track:mlp691bkyu699x7nx9p2jq
0366bf13-ad6b-432a-8c9d-9ee5bff01d65,302NW4,EDM Rhythm Match,private,active,2026-06-19 19:26:05,b67bd8b7-c2ef-46f2-b752-0407b8ed5341,2026-06-19 20:25:05,2,spotify:track:bwxl4yo476d5jfybalj2gl
c3810e79-16e1-4109-b96b-a34e6a6f9af1,W5CY9B,Lo-Fi Focus Partners,private,active,2026-06-19 19:26:11,9ab76931-aeeb-4afa-bd81-01968bc461c6,2026-06-19 21:50:11,2,spotify:track:fduykxlrfmy8wp78dfuons
a6c742fc-1df5-4061-9f67-8ddadc421afd,45HEJI,Coding duo,private,active,2026-06-19 19:26:54,c53a6b3a-df85-4ade-9c4e-78a656ae0d51,2026-06-19 22:24:54,4,spotify:track:etlq2uvjqd2bkpeq1433ul
3bb45bf7-2b47-4abc-904d-2991faba7f74,LCDOUL,Indie Chill Room,public,active,2026-06-19 19:27:11,22a990f3-a58e-4b79-a832-f797a1f2489f,2026-06-19 22:55:11,4,spotify:track:41l4fkikr6z098n2m4hekg
fa1547a8-66e1-4079-ba33-0ffdf540cb81,10TIQ3,Late Night Melodies,public,active,2026-06-19 19:27:38,c53a6b3a-df85-4ade-9c4e-78a656ae0d51,2026-06-19 22:22:38,4,spotify:track:vw3io5cn2gqktsomsyt7si
7051db9e-ad87-4ce1-8f29-d24a888975e0,DM0KNO,Acoustic Cozy Space,private,active,2026-06-19 19:28:16,8061b56b-6e3e-4011-8e9e-620e4c777195,2026-06-19 23:21:16,2,spotify:track:i5brdngbwiifv8efdp6ubz
a6ddb72d-dd84-483a-af99-0714a8d300f6,WIS6QE,Late Night Melodies,private,active,2026-06-19 19:28:22,8592972f-fa8c-430f-b937-da5d53ec0f79,2026-06-19 20:17:22,2,spotify:track:e9j711e1jarseo4ejtydb6
fbafca94-e1ed-4592-b63e-bc81d0bdc783,ELVNLI,Indie Chill Room,private,active,2026-06-19 19:28:28,22a990f3-a58e-4b79-a832-f797a1f2489f,2026-06-19 20:24:28,2,spotify:track:gr5sbplv4fdxa31al2t8h3
06b7274f-22f1-46ea-8d50-f55b8cc40af1,48UX26,Bollywood Duet,public,active,2026-06-19 19:29:11,8061b56b-6e3e-4011-8e9e-620e4c777195,2026-06-19 21:40:11,4,spotify:track:qjg2gwvut8slt6xc3mif4d
b611008b-85d5-42ae-bcb7-cf3868241c61,6ZPFN4,Rock Duo Jam,public,active,2026-06-19 19:29:44,a346bb1e-a7ff-4018-9c61-0eca86df0f61,2026-06-19 21:52:44,4,spotify:track:uh6vpui46qavil4gcdkrkg
b1d70aff-641a-4855-8236-ec72d6ff5a0f,S63ZJK,Coding duo,private,active,2026-06-19 19:30:22,09cdf1f0-7630-488c-bfb3-caca63923097,2026-06-19 21:06:22,4,spotify:track:818wodw0bgz1xizl9e6ix8
339b5ad4-369c-4ea7-925a-239158648648,MZXS4B,Telugu Melodies Vibe,private,active,2026-06-19 19:33:17,a35c2cf1-67e9-494e-bbb2-3606ec946d9e,2026-06-19 23:04:17,4,spotify:track:i3wbp70tua5spg6njvxy6b
c3c02218-c5e6-417e-884d-c2ca4f0d44e9,TTUCWW,Acoustic Cozy Space,public,active,2026-06-19 19:33:29,6108e19c-0b10-42b2-bc4a-a75f74a31b89,2026-06-19 23:14:29,2,spotify:track:aoxrzxftot3tr522g8vzug
4e8202d3-f7a7-4798-b5de-ff39852c52d0,2FBC97,Indie Chill Room,public,active,2026-06-19 19:33:46,2ceca7b2-cf0d-4e98-81b8-104bab7143c9,2026-06-19 19:55:46,2,spotify:track:hi0tdyc6euwmpj49iwqc0v
6b100a16-dc1c-40ce-a175-94880d136f97,JQWZBY,Telugu Melodies Vibe,public,active,2026-06-19 19:34:30,a95af4fd-cedb-4891-82b8-7a98a84d797d,2026-06-19 20:38:30,2,spotify:track:1160vdzo7pews5x9k9gg3u
d84dc5a9-ea65-404d-982b-de5e88758433,ER08JS,K-Pop Fan Hangout,private,active,2026-06-19 19:36:44,25e54e8f-c21a-44aa-ba25-ba90dd594590,2026-06-19 20:17:44,2,spotify:track:eyiilf78o8tczjzzm0rbdy
ec8bacec-82ab-40ee-8227-da2f90fe51ae,VZZHBV,Coding duo,public,active,2026-06-19 19:37:28,55eda42c-ebef-41e1-a9a4-64e2a6eb6bc4,2026-06-19 22:07:28,4,spotify:track:vqjjctjv5u7gjh5chexupz
f7ba8086-30f7-4da5-b3e4-bb444f1b41c0,EY2TNF,Telugu Melodies Vibe,private,active,2026-06-19 19:38:55,1f2504b1-a8c2-487d-b463-eb1d7a077e48,2026-06-19 21:12:55,2,spotify:track:ns2ecge912o2c4sh4u4f4l
c4bfdbfd-73fc-4927-a913-85d0cf269687,RCWDSH,Rock Duo Jam,private,active,2026-06-19 19:39:42,06976bce-6513-48e4-9af3-08e5c05693cd,2026-06-19 21:25:42,4,spotify:track:toqf3kii5tyor9kk52h25b
11bd3e99-c4f9-415c-8807-bbb4ed2fd19d,61SLQ5,Indie Chill Room,public,active,2026-06-19 19:41:02,7a9d5fb0-a416-4f2e-af89-c7b367d8ff11,2026-06-19 20:53:02,2,spotify:track:xw48vmd3amxvls17qwr9o5
c93b710a-360c-431d-b058-ebcf05be4546,3LJ9CR,Indie Chill Room,public,active,2026-06-19 19:41:40,55eda42c-ebef-41e1-a9a4-64e2a6eb6bc4,2026-06-19 20:01:40,2,spotify:track:c71mnnbr1prq7t3hv3v4i6
fa4a861c-31f1-49de-b55b-9e38d7d35f63,GFP20H,Bollywood Duet,private,active,2026-06-19 19:42:18,0f42e55c-e2f1-4ef6-959b-0e39485b881f,2026-06-19 21:02:18,4,spotify:track:mn9047i24psyx5blir8109
dc83e5a4-4bac-4d6c-b333-47f4fcd25315,HGBJJW,Coding duo,private,active,2026-06-19 19:42:57,9b11cdc8-911e-4fe1-861b-87ff4d9c2093,2026-06-19 22:35:57,4,spotify:track:xj4zr8q0koomtwiop4nlz8
de23c92e-74e6-4579-875e-82f8763ccdc8,YLDBOP,Bollywood Duet,private,active,2026-06-19 19:43:19,604cc5c8-b374-4801-ad23-e6a8e117d809,2026-06-19 20:25:19,4,spotify:track:b1s7mw254uip6a0tk3qo1q
9641f0c6-9bc8-4d62-aa0e-3c9b555ae89c,K34NV9,Bollywood Duet,public,active,2026-06-19 19:43:31,a35c2cf1-67e9-494e-bbb2-3606ec946d9e,2026-06-19 22:58:31,4,spotify:track:xl82hohlbialy3ofmcr83u
990dc6aa-1d4b-424c-817a-d7baccc9ec40,WZSZY9,Indie Chill Room,private,active,2026-06-19 19:44:30,a9df166f-15a5-405e-8af7-472cba5d2aea,2026-06-19 21:06:30,4,spotify:track:i4jeepiadi3hn02uh50ntv
57e58ce0-7212-44c7-b929-a242d6f17dec,0ATIQ6,Bollywood Duet,private,active,2026-06-19 19:44:56,e9c9dfc1-58fd-4435-9a97-497d3d3caa5f,2026-06-19 22:29:56,2,spotify:track:0dpm152jhbp7zt6klumeco
832e72ce-6c07-453a-a23c-3932edc84bb3,1YOXUX,Bollywood Duet,private,active,2026-06-19 19:45:19,e9a7d752-9b25-4616-92b3-edb905512202,2026-06-19 23:24:19,4,spotify:track:nfd2xrohigvdr0tq7wajwx
f0aed399-c6d8-457f-b288-89107948bc83,JBSUD9,K-Pop Fan Hangout,private,active,2026-06-19 19:45:44,55eda42c-ebef-41e1-a9a4-64e2a6eb6bc4,2026-06-19 21:59:44,4,spotify:track:25qg0qikdmmszr95flt4r8
c82b856d-d363-45d7-99cd-f05f7d0652c8,1TTAB3,Indie Chill Room,public,active,2026-06-19 19:46:11,c1323a63-30c3-41c2-a010-6259c8ad8714,2026-06-19 23:32:11,2,spotify:track:vto667uibonea9rbyqwv1q
1dcfbd96-61a1-482b-ad06-7b431a96f767,QHWVNJ,Indie Chill Room,public,active,2026-06-19 19:47:02,0f42e55c-e2f1-4ef6-959b-0e39485b881f,2026-06-19 21:39:02,4,spotify:track:7osvwbfx13r4fy8vve7030
203fef58-8668-4e42-84d4-b58bb2c7a134,2MKDGI,Coding duo,public,active,2026-06-19 19:47:36,618b0ae7-0fff-48fb-9370-a843df38b9c6,2026-06-19 20:26:36,2,spotify:track:g3i7tt9gcn31k5eqrcntpc
070d5a50-1363-4201-9c0f-4112d2fdffbd,J1T218,K-Pop Fan Hangout,private,active,2026-06-19 19:47:54,a35c2cf1-67e9-494e-bbb2-3606ec946d9e,2026-06-19 20:58:54,2,spotify:track:hfq2rtnl9193pyg0kf38ck
bcf4a601-24ee-4791-9631-4c2c767686e8,GVE4W0,Late Night Melodies,public,active,2026-06-19 19:48:04,e004d3d6-e3c4-48b9-998b-7b53a075e6c4,2026-06-19 20:17:04,4,spotify:track:3gsjg27bontrbo5hlvwjmc
12512e4b-051e-4dc3-8fe6-0ad66e92c480,94N314,Jazz Corner Session,public,active,2026-06-19 19:48:31,9f7f4ca0-5afb-45d7-be70-b6d8d99b98ac,2026-06-19 21:14:31,4,spotify:track:nx12pwjquczb0quo2s0ti4
ed7ec6a5-ac38-4856-82e4-cd8e64912ece,B9C9CU,Acoustic Cozy Space,private,active,2026-06-19 19:48:53,3b8c4752-b3a3-420b-9c74-36921cf61c76,2026-06-19 23:16:53,2,spotify:track:k0sbefsggq4ogs3zykcvoq
ffec4b40-5932-493e-bccc-68dccd20f137,CJBH1G,Telugu Melodies Vibe,private,active,2026-06-19 19:49:27,3b8c4752-b3a3-420b-9c74-36921cf61c76,2026-06-19 21:25:27,2,spotify:track:2786p7z2xesshpcv30ipf5
97eb265e-ca93-4475-867c-8960756c0f20,JR71CZ,Lo-Fi Focus Partners,public,active,2026-06-19 19:49:55,38be73d8-5ac3-452f-9590-060525df25af,2026-06-19 23:49:55,4,spotify:track:ad2911k4h5bqeeud5utmhw
061a9811-f711-4424-914c-adca32faa2df,7PMOVH,K-Pop Fan Hangout,private,active,2026-06-19 19:50:11,bb309fa2-47fc-4d74-b2e2-6b6c986fbd34,2026-06-19 21:54:11,4,spotify:track:ogfoemt95dr2vjshi3ofj3
c8ca2c6b-2a77-4363-a7bc-04c02e740b0d,8CSAUI,Lo-Fi Focus Partners,private,active,2026-06-19 19:50:34,39b3f684-9677-4ff0-bc81-276b045ab4aa,2026-06-19 22:17:34,2,spotify:track:fvzlvmz9k2mpn6c9jrkcqa
d07f583c-7abb-483e-b1d7-61109c7cbb58,IC7LN3,Acoustic Cozy Space,private,active,2026-06-19 19:50:40,a9df166f-15a5-405e-8af7-472cba5d2aea,2026-06-19 23:14:40,2,spotify:track:rtppo609l1qva4f9r7ghie
6fb3f407-a5e0-4ce2-a9f0-9a496d5aa1df,VGGWPN,Rock Duo Jam,public,active,2026-06-19 19:51:39,c7aaa5f5-beb5-4c7d-b2de-2b8217c691ce,2026-06-19 21:32:39,4,spotify:track:d279fwxqzus6429c1xadpg
146e0ef7-7b34-40e5-bc1b-5526fed2cf2d,0SETF1,Jazz Corner Session,private,active,2026-06-19 19:51:50,c7aaa5f5-beb5-4c7d-b2de-2b8217c691ce,2026-06-19 23:41:50,4,spotify:track:tdxloqygrmm3e7ahugr6cw
99408e3b-55a3-4093-a76a-6d08a92df916,FWVAAJ,Coding duo,public,active,2026-06-19 19:52:23,67465aa7-e829-469c-8151-d4d82a624b55,2026-06-19 21:11:23,4,spotify:track:f520hp6zr39tqvgqjxsgn2
b6e2b6b7-6ac0-49a3-9c66-1cd03ec16341,BJG8W6,Jazz Corner Session,private,active,2026-06-19 19:52:36,935e89a9-8b0c-4881-bacd-5eba3c421d14,2026-06-19 21:35:36,4,spotify:track:j48th67t5pwean4cul9jl7
f34651c2-b891-4595-bc81-069d0b5e9fdc,2DPG2Q,Bollywood Duet,public,active,2026-06-19 19:52:42,1876e0cb-1cae-42b9-9e47-a01e7d06bab2,2026-06-19 23:07:42,4,spotify:track:d75hh34vl2jia2iaukv3g7
1e20dfa9-14e4-4477-adfc-990b7eaf2011,M1QH4G,Lo-Fi Focus Partners,private,active,2026-06-19 19:52:59,6108e19c-0b10-42b2-bc4a-a75f74a31b89,2026-06-19 22:17:59,4,spotify:track:0es3soncyce106s9q1epfm
d36f1739-d670-4d6a-a06d-4110762d481f,976VPS,Coding duo,private,active,2026-06-19 19:53:37,6108e19c-0b10-42b2-bc4a-a75f74a31b89,2026-06-19 20:42:37,2,spotify:track:vbt1c2u9p05n0too0jcihm
ae3fd1a0-5e24-4d30-a775-9974decd06ae,VKR2DF,Coding duo,private,active,2026-06-19 19:53:59,12322423-8605-4a4d-a56e-320798952caf,2026-06-19 20:35:59,4,spotify:track:al239o32j5d8qjjjwmhs3b
b0bd83d1-531d-40fd-9389-dcbb5897fb99,EG2ZYL,Indie Chill Room,private,active,2026-06-19 19:54:26,c7aaa5f5-beb5-4c7d-b2de-2b8217c691ce,2026-06-19 22:55:26,2,spotify:track:hdje57e9w78h13w9avxr59
71d7bcdc-a071-4aba-a294-b113a44f5f78,DGD9CP,EDM Rhythm Match,private,active,2026-06-19 19:56:07,f4069231-0d41-4175-853e-0ef898226d97,2026-06-19 23:35:07,4,spotify:track:qutxbuqw3iew5arfacmxhv
ce0f9af3-0292-4328-ac0d-f7920050247c,A2ZH9Q,K-Pop Fan Hangout,public,active,2026-06-19 19:56:42,b77e12ac-c966-4c38-8d0c-b7afef27f6db,2026-06-19 20:54:42,4,spotify:track:vpkuxbun19v8bodhvj13df
b8d3a21a-6c71-49a2-a8ef-9d05ab0e9b80,RKN6PW,EDM Rhythm Match,public,active,2026-06-19 19:57:04,3b8c4752-b3a3-420b-9c74-36921cf61c76,2026-06-19 20:24:04,4,spotify:track:20r4ln4kdoqrt12xf8233o
2be80857-5fca-451f-9046-44b79c2fc03c,NFOR15,Late Night Melodies,private,active,2026-06-19 19:57:58,6746fcd9-3095-4b62-aa03-12fecb4a285f,2026-06-19 20:08:58,4,spotify:track:mqh4xafzox6fsdl5no072c
010efd96-14e0-4df9-91f0-fc5017c5d078,XSFR3V,Indie Chill Room,public,active,2026-06-19 19:58:10,09cdf1f0-7630-488c-bfb3-caca63923097,2026-06-19 20:38:10,4,spotify:track:d42okmaudczpelmxogtrxp
33f0b7a6-02d2-4126-99f6-6790084298ec,23VFJI,EDM Rhythm Match,public,active,2026-06-19 19:58:16,22a990f3-a58e-4b79-a832-f797a1f2489f,2026-06-19 21:13:16,4,spotify:track:975mcts2pecekj9xcrk6wj
bac7017a-61da-44e9-988e-ad04e199ac5e,EZYN8B,Bollywood Duet,public,active,2026-06-19 19:58:29,7a9d5fb0-a416-4f2e-af89-c7b367d8ff11,2026-06-19 21:26:29,2,spotify:track:f3j54glnrxiu48ud8wx9s1
db162a49-b2ac-4f23-9a86-c202d7601d21,3X93L1,Late Night Melodies,private,active,2026-06-19 20:00:10,604cc5c8-b374-4801-ad23-e6a8e117d809,2026-06-19 22:30:10,2,spotify:track:12tjo9mksa5yf0sx96862v
6e9b36b3-dc70-4e7e-95d2-f698fc05e952,6EYP62,Rock Duo Jam,private,active,2026-06-19 20:00:48,4fdb4c3e-d350-446e-b914-016b5168675d,2026-06-19 22:21:48,4,spotify:track:x4sb3pxh7zvru1t4w7qmtt
a00dfb29-6e60-4705-9c36-fea4b5cbdca2,EYIT5F,Lo-Fi Focus Partners,public,active,2026-06-19 20:00:54,a95af4fd-cedb-4891-82b8-7a98a84d797d,2026-06-19 20:53:54,4,spotify:track:f5gzqe6vmevhmeelk5t7y2
32d1f41a-4806-41dc-9aa6-8b7494d776c7,HGJRBD,Jazz Corner Session,public,active,2026-06-19 20:01:17,373c3697-78cf-4304-af76-ea5a452dad05,2026-06-19 23:42:17,2,spotify:track:7v8q99ee9cw3qstuk87ps3
0705b63f-6092-4224-a72e-15915168fbaf,UV1SK1,Lo-Fi Focus Partners,public,active,2026-06-19 20:01:33,6108e19c-0b10-42b2-bc4a-a75f74a31b89,2026-06-19 22:00:33,4,spotify:track:pb6jwjxa8nvj3v5whc3dmz
74254aa0-6758-47b5-b185-97a1ce6bd019,T1UWX4,Coding duo,private,active,2026-06-19 20:01:39,a1b14426-054b-47a9-bd5c-a247a9851925,2026-06-19 22:23:39,4,spotify:track:cdahkhrmi9gdmzkmw4r2mi
0d3cd2e0-3610-4f6d-9362-61b261f0552a,L13XA9,Bollywood Duet,public,active,2026-06-19 20:02:25,a1b14426-054b-47a9-bd5c-a247a9851925,2026-06-19 23:16:25,2,spotify:track:f5tq0m8020iuacwzl4wwqj
8d788d7c-73a6-4480-878a-4abacf72ae16,CTHAO4,K-Pop Fan Hangout,public,active,2026-06-19 20:02:43,12322423-8605-4a4d-a56e-320798952caf,2026-06-19 20:26:43,2,spotify:track:ly8ak3o3uvpy5g18e1z588
68ba2045-3ccf-4ded-bcb3-0ed387c4b883,LYFL6B,Coding duo,public,active,2026-06-19 20:03:00,8e8dc62e-dec8-4a50-99cf-d96a02710343,2026-06-19 23:26:00,2,spotify:track:el8anx494w6bagafe3hat2
a69e8860-1425-4836-a79b-c322fb87b210,NKQF98,Acoustic Cozy Space,private,active,2026-06-19 20:03:12,06976bce-6513-48e4-9af3-08e5c05693cd,2026-06-19 20:20:12,2,spotify:track:upp1oto7s5ycyn3vttgtdc
fdf61e02-9ce2-4105-a0ec-4403a1eab4be,PLSBFT,Telugu Melodies Vibe,private,active,2026-06-19 20:03:28,8e8dc62e-dec8-4a50-99cf-d96a02710343,2026-06-19 22:57:28,4,spotify:track:ipac8bndhgc0cb6wiwykmi
a6f8f83e-57a1-432b-b055-a5a8ae7da457,DMQ91F,Acoustic Cozy Space,private,active,2026-06-19 20:03:40,91f76402-014a-41d8-baee-d588af33b23a,2026-06-19 20:14:40,2,spotify:track:qqth6a7is0civpx0av3usj
e829bce7-b78e-40ef-beb9-008ae9614010,ZJOALM,Rock Duo Jam,public,active,2026-06-19 20:04:13,38be73d8-5ac3-452f-9590-060525df25af,2026-06-19 23:08:13,2,spotify:track:qu9neh6lk3h4f7286oo7k0
7206892b-0c76-4a27-948c-1d0ae9a6aa29,NYTKS2,Telugu Melodies Vibe,public,active,2026-06-19 20:04:57,a346bb1e-a7ff-4018-9c61-0eca86df0f61,2026-06-19 22:49:57,4,spotify:track:zaqjqpi6g5yqcdkcvllyia
6e19aebe-8b54-485b-aecf-ee5b2157666f,UL5XZ1,Telugu Melodies Vibe,private,active,2026-06-19 20:07:32,8061b56b-6e3e-4011-8e9e-620e4c777195,2026-06-19 21:25:32,2,spotify:track:a4at4ez16x96zheqi3nye6
72a69f58-d13d-44da-a405-34eaadf96a09,CE6YO5,K-Pop Fan Hangout,private,active,2026-06-19 20:08:12,b77e12ac-c966-4c38-8d0c-b7afef27f6db,2026-06-20 00:04:12,2,spotify:track:iopvulv3yn403kpymqfj6n
6e9acd65-1406-47cf-8f51-9391cf86a108,FD7BET,Indie Chill Room,public,active,2026-06-19 20:08:18,046b4c7f-6adc-4235-9e21-95ca0d5c3b3b,2026-06-19 21:53:18,4,spotify:track:c0dvyb2fxkn7iebtbsxdcn
816641e9-8316-4acd-9181-2f3ff47ed735,QWH684,Telugu Melodies Vibe,public,active,2026-06-19 22:32:45,d71cbe60-5207-4f13-9d99-ce04c7d92986,2026-06-20 02:12:45,2,spotify:track:nkxhja76zw7j8j41s0t6rh
b856e301-7317-4b84-8638-d207b524f88b,P3U1P8,Bollywood Duet,private,active,2026-06-19 22:32:53,6108e19c-0b10-42b2-bc4a-a75f74a31b89,2026-06-19 23:05:53,2,spotify:track:ll38m4wyrjkhmfv1zsmgc2
7c39eb12-ab67-4847-af01-56c6979f43fa,MQBUEK,Telugu Melodies Vibe,public,active,2026-06-19 22:34:59,131c3f6f-7ca9-4722-a67a-46fa443dfa42,2026-06-19 22:46:59,4,spotify:track:gxd4h2x7x44jihw31zl13d
97941a4a-24b4-4c83-8e79-de799cc2ef5d,E285KH,EDM Rhythm Match,public,active,2026-06-19 22:35:06,bac6d5f1-3c7d-4a24-b9f7-a361d17def20,2026-06-19 23:27:06,4,spotify:track:dsb8jaqrug67c0iditat4i
b6cfcd1e-1b81-4172-b1fc-ebbef222ae93,CHURUG,Lo-Fi Focus Partners,public,active,2026-06-19 22:57:16,25e54e8f-c21a-44aa-ba25-ba90dd594590,2026-06-20 01:40:16,4,spotify:track:95pny2uzuz1kwlkcluswz4
11be4c09-c49b-48b0-a411-9e6dd960d8a1,Z1W3US,Acoustic Cozy Space,private,active,2026-06-19 22:57:23,ce9a2cd3-85ae-4741-a06f-a8be41f4dcc5,2026-06-20 00:56:23,4,spotify:track:xzehiuwvca59su789e8rr9
ff441fc2-c982-4053-9738-e31548b505bc,UA18BH,Lo-Fi Focus Partners,public,active,2026-06-19 22:59:58,29fbed8f-08f1-49ed-9c9b-c54f0cb3c5d9,2026-06-20 01:35:58,2,spotify:track:p1yxmq2xqfn2biwm0zw923
31ae0c47-f322-4752-900d-4d71a2dcaf2b,SG1FJY,Jazz Corner Session,private,active,2026-06-19 23:00:04,e08da2ca-bbcc-4c70-9fb2-d708f7dbb93b,2026-06-19 23:47:04,2,spotify:track:malrhye7r3s6fy9a8ln5vo
44cedb5c-1996-4eaf-953d-316b9741eceb,HHDEFJ,Bollywood Duet,private,active,2026-06-19 23:00:10,cc1fe0be-5a13-408e-80d6-8d98e345fbce,2026-06-20 01:39:10,4,spotify:track:t49e9o92icd9pxa4oq4z1l
54d00c86-286c-4f65-b2cf-f418abda7420,4VM78L,Rock Duo Jam,private,active,2026-06-19 23:16:06,40a6fc96-b229-45c1-8fe2-100350e95932,2026-06-20 00:18:06,4,spotify:track:ua07ic9oq4mfkmht7nyh09
78b03c15-fef2-4dbb-9637-d0f9d21fa63b,UGC4TV,Late Night Melodies,public,active,2026-06-19 23:16:12,bba1afa8-8b24-476d-84dc-f9bedd1e01dc,2026-06-20 00:51:12,4,spotify:track:uyhxv1tu8zwc37eryvzern
