id,podcast_id,host_name,title,description,scheduled_start,actual_start,actual_end,status,current_listeners,created_at
f7801428-546c-4a46-af77-946fff37297a,a9e01414-2e02-40b7-9c17-c6658f2fe8b5,Vikram Sen,Live: Discussing History Reimagined with Kumar,Interactive Q&A live broadcast with listeners.,2026-06-19 14:11:29,2026-06-19 14:26:29,2026-06-19 16:04:29,live,69,2026-06-19 14:26:29
37091c5e-8947-429a-9ccd-8af98b4de5e0,bbdae275-4cbb-45a0-9f10-a1e6d3c1284f,Michael Chang,Live: Discussing The Daily Rhythm with Nair,Interactive Q&A live broadcast with listeners.,2026-06-19 14:11:41,2026-06-19 14:26:41,2026-06-19 15:03:41,scheduled,0,2026-06-19 14:26:41
3c90df4e-0068-4b62-a941-4e60611e0f1f,f1710320-f622-445b-9528-047aba344916,Kabir Sharma,Live: Discussing The Daily Rhythm with Rogers,Interactive Q&A live broadcast with listeners.,2026-06-19 14:13:15,2026-06-19 14:28:15,2026-06-19 15:16:15,scheduled,0,2026-06-19 14:28:15
bbbc932e-d15f-4500-b241-378e68836ae4,5e7d5c6d-0c97-4fc0-b77a-e2709b676904,Vikram Sen,Live: Discussing Science Decoded with Chang,Interactive Q&A live broadcast with listeners.,2026-06-19 14:13:56,2026-06-19 14:28:56,2026-06-19 15:08:56,completed,0,2026-06-19 14:28:56
b3d1a17a-4dc9-4237-ae98-6aa8624ad0d8,35261b2e-22e8-477d-8301-e8148aa7c0b8,Priya Nair,Live: Discussing Laugh Track Live with Nair,Interactive Q&A live broadcast with listeners.,2026-06-19 14:15:17,2026-06-19 14:30:17,2026-06-19 17:18:17,cancelled,0,2026-06-19 14:30:17
478145e9-64a5-4e24-b3e6-0e32e5c8f069,f1710320-f622-445b-9528-047aba344916,Kabir Sharma,Live: Discussing The Daily Rhythm with Rogers,Interactive Q&A live broadcast with listeners.,2026-06-19 14:15:34,2026-06-19 14:30:34,2026-06-19 17:55:34,live,30,2026-06-19 14:30:34
20ce9f0b-446b-4e84-a47a-d27465f02e67,f1710320-f622-445b-9528-047aba344916,Kabir Sharma,Live: Discussing The Daily Rhythm with Rogers,Interactive Q&A live broadcast with listeners.,2026-06-19 14:16:09,2026-06-19 14:31:09,2026-06-19 16:01:09,completed,0,2026-06-19 14:31:09
e803b49a-fb3c-4671-9348-85ee583f00fd,14a6b4b9-7ca4-4a2b-b187-c71d7056528e,Sarah Jenkins,Live: Discussing Tech Bytes & Beats with Nair,Interactive Q&A live broadcast with listeners.,2026-06-19 14:16:17,2026-06-19 14:31:17,2026-06-19 16:30:17,live,7,2026-06-19 14:31:17
5445fe91-8c6d-4ed8-9eae-73a4f5ba541d,25a3dc4b-457f-4903-a7ea-213c3c8ef542,Samantha Rogers,Live: Discussing Science Decoded with Reddy,Interactive Q&A live broadcast with listeners.,2026-06-19 14:16:57,2026-06-19 14:31:57,2026-06-19 17:25:57,scheduled,0,2026-06-19 14:31:57
3f92e944-cdaf-4ce9-b87b-81112f4482ef,2ebd73a2-9f2b-44f9-ae48-ded0aefe8433,Michael Chang,Live: Discussing Mindset Matters with Rogers,Interactive Q&A live broadcast with listeners.,2026-06-19 14:17:16,2026-06-19 14:32:16,2026-06-19 18:26:16,live,32,2026-06-19 14:32:16
62f1929e-da17-43da-b2c9-832adaeedeb5,f7183e20-579d-444a-b469-8d02b85bb9fc,Aditya Reddy,Live: Discussing The Daily Rhythm with Reddy,Interactive Q&A live broadcast with listeners.,2026-06-19 14:17:55,2026-06-19 14:32:55,2026-06-19 15:12:55,scheduled,0,2026-06-19 14:32:55
5995d61d-c827-4a56-ac5d-fba898457bac,25a3dc4b-457f-4903-a7ea-213c3c8ef542,Samantha Rogers,Live: Discussing Science Decoded with Reddy,Interactive Q&A live broadcast with listeners.,2026-06-19 14:20:35,2026-06-19 14:35:35,2026-06-19 16:17:35,live,14,2026-06-19 14:35:35
8c7d1ae1-e5f6-44aa-bcf6-27603672a26f,5e7d5c6d-0c97-4fc0-b77a-e2709b676904,Vikram Sen,Live: Discussing Science Decoded with Chang,Interactive Q&A live broadcast with listeners.,2026-06-19 14:21:13,2026-06-19 14:36:13,2026-06-19 15:15:13,scheduled,0,2026-06-19 14:36:13
5a776510-343f-4c67-a1f7-9d74bdd7dcca,c76942de-76f9-4868-b012-617a5d74d081,Vikram Sen,Live: Discussing History Reimagined with Reddy,Interactive Q&A live broadcast with listeners.,2026-06-19 14:21:44,2026-06-19 14:36:44,2026-06-19 15:48:44,scheduled,0,2026-06-19 14:36:44
6dc3446c-275b-4308-a694-44fde0316c2e,26d731ea-7427-41e2-959e-64a94ee21e1d,Priya Nair,Live: Discussing Mindset Matters with Rogers,Interactive Q&A live broadcast with listeners.,2026-06-19 14:22:06,2026-06-19 14:37:06,2026-06-19 18:00:06,completed,0,2026-06-19 14:37:06
c54ab41e-0558-452f-965f-6a9eb9b1704b,5e7d5c6d-0c97-4fc0-b77a-e2709b676904,Vikram Sen,Live: Discussing Science Decoded with Chang,Interactive Q&A live broadcast with listeners.,2026-06-19 14:22:22,2026-06-19 14:37:22,2026-06-19 15:40:22,completed,0,2026-06-19 14:37:22
3ce4b08e-e76e-4c46-b050-8342925ca5e6,39c47e9d-9db0-443c-be4f-ad0661854d5b,Dr. Ramesh Kumar,Live: Discussing Science Decoded with Reddy,Interactive Q&A live broadcast with listeners.,2026-06-19 14:23:02,2026-06-19 14:38:02,2026-06-19 16:33:02,live,59,2026-06-19 14:38:02
4b1065e0-c76b-433d-b3c5-489229c49d79,35261b2e-22e8-477d-8301-e8148aa7c0b8,Priya Nair,Live: Discussing Laugh Track Live with Nair,Interactive Q&A live broadcast with listeners.,2026-06-19 14:24:12,2026-06-19 14:39:12,2026-06-19 14:56:12,completed,0,2026-06-19 14:39:12
1eb8f48d-9529-45a1-adaa-5b7399e85c38,a9e01414-2e02-40b7-9c17-c6658f2fe8b5,Vikram Sen,Live: Discussing History Reimagined with Kumar,Interactive Q&A live broadcast with listeners.,2026-06-19 14:24:28,2026-06-19 14:39:28,2026-06-19 17:20:28,live,28,2026-06-19 14:39:28
b0a191c6-eed1-47a5-bc8d-9de0124238a9,2ebd73a2-9f2b-44f9-ae48-ded0aefe8433,Michael Chang,Live: Discussing Mindset Matters with Rogers,Interactive Q&A live broadcast with listeners.,2026-06-19 14:25:07,2026-06-19 14:40:07,2026-06-19 15:50:07,completed,0,2026-06-19 14:40:07
cc59bc8f-387c-4e9f-9987-74137d1950a5,5e7d5c6d-0c97-4fc0-b77a-e2709b676904,Vikram Sen,Live: Discussing Science Decoded with Chang,Interactive Q&A live broadcast with listeners.,2026-06-19 14:25:43,2026-06-19 14:40:43,2026-06-19 16:57:43,completed,0,2026-06-19 14:40:43
bf35718c-c905-4457-92b9-d31c727978f6,26d731ea-7427-41e2-959e-64a94ee21e1d,Priya Nair,Live: Discussing Mindset Matters with Rogers,Interactive Q&A live broadcast with listeners.,2026-06-19 14:28:25,2026-06-19 14:43:25,2026-06-19 17:28:25,cancelled,0,2026-06-19 14:43:25
c4bf5c61-d5b1-4eab-a81e-691f56773a62,14a6b4b9-7ca4-4a2b-b187-c71d7056528e,Sarah Jenkins,Live: Discussing Tech Bytes & Beats with Nair,Interactive Q&A live broadcast with listeners.,2026-06-19 14:30:54,2026-06-19 14:45:54,2026-06-19 17:51:54,scheduled,0,2026-06-19 14:45:54
c3a531ce-c65e-494f-92fc-90964a427194,c76942de-76f9-4868-b012-617a5d74d081,Vikram Sen,Live: Discussing History Reimagined with Reddy,Interactive Q&A live broadcast with listeners.,2026-06-19 14:31:58,2026-06-19 14:46:58,2026-06-19 18:12:58,cancelled,0,2026-06-19 14:46:58
aa072e43-9d8d-4197-9eb4-1f2ca1f0718d,90b3500f-36d0-479e-865a-ac3bdd1d021b,Sarah Jenkins,Live: Discussing Indie Creator Spotlight with Jenkins,Interactive Q&A live broadcast with listeners.,2026-06-19 14:32:37,2026-06-19 14:47:37,2026-06-19 15:46:37,live,76,2026-06-19 14:47:37
fee4726a-b3b6-419f-a022-abbcf26f3876,ba5528dc-e36c-423e-80f4-01d064e30964,Michael Chang,Live: Discussing Indie Creator Spotlight with Sen,Interactive Q&A live broadcast with listeners.,2026-06-19 14:39:00,2026-06-19 14:54:00,2026-06-19 16:37:00,completed,0,2026-06-19 14:54:00
880f57ae-5c8f-463b-b3ab-ca56cacfa5b9,4fe3a113-9163-4e87-a5cb-a5899d6331bb,Sarah Jenkins,Live: Discussing Tech Bytes & Beats with Sen,Interactive Q&A live broadcast with listeners.,2026-06-19 14:40:25,2026-06-19 14:55:25,2026-06-19 15:38:25,completed,0,2026-06-19 14:55:25
4f984a16-0517-4656-8012-1c3dd4fac485,33e649e6-68da-4a24-9722-292612f3f28d,Sarah Jenkins,Live: Discussing Mindset Matters with Chang,Interactive Q&A live broadcast with listeners.,2026-06-19 14:41:30,2026-06-19 14:56:30,2026-06-19 16:03:30,cancelled,0,2026-06-19 14:56:30
c909bb40-cf11-4fe2-b9fe-9c6b9268522c,47c9b1f9-8bf3-4044-b90e-70e6d40f5150,Vikram Sen,Live: Discussing Tech Bytes & Beats with Nair,Interactive Q&A live broadcast with listeners.,2026-06-19 14:42:51,2026-06-19 14:57:51,2026-06-19 15:12:51,cancelled,0,2026-06-19 14:57:51
96bd7691-62b1-4f1c-bae5-1abdd28e68f3,f4a14fa1-d103-4465-9031-ff9bd486b173,Vikram Sen,Live: Discussing Science Decoded with Sen,Interactive Q&A live broadcast with listeners.,2026-06-19 14:44:35,2026-06-19 14:59:35,2026-06-19 16:33:35,scheduled,0,2026-06-19 14:59:35
c0af0a4c-4954-46c1-8ccc-042f2232703d,7a3d9105-4f53-492b-a4f8-51609eff9472,Michael Chang,Live: Discussing Science Decoded with Nair,Interactive Q&A live broadcast with listeners.,2026-06-19 14:45:04,2026-06-19 15:00:04,2026-06-19 18:10:04,live,15,2026-06-19 15:00:04
02dfbbd1-f6a5-430a-947f-167fbd7a3013,4fe3a113-9163-4e87-a5cb-a5899d6331bb,Sarah Jenkins,Live: Discussing Tech Bytes & Beats with Sen,Interactive Q&A live broadcast with listeners.,2026-06-19 14:46:02,2026-06-19 15:01:02,2026-06-19 16:20:02,cancelled,0,2026-06-19 15:01:02
00841a24-28b4-437a-9a33-6d9397e9551c,9d257c77-b050-49ce-9776-6dfa83c3b480,Sarah Jenkins,Live: Discussing Laugh Track Live with Sen,Interactive Q&A live broadcast with listeners.,2026-06-19 14:48:48,2026-06-19 15:03:48,2026-06-19 15:15:48,live,20,2026-06-19 15:03:48
86507c7e-f855-4f43-9af2-9b231ef7a74c,9d257c77-b050-49ce-9776-6dfa83c3b480,Sarah Jenkins,Live: Discussing Laugh Track Live with Sen,Interactive Q&A live broadcast with listeners.,2026-06-19 14:48:58,2026-06-19 15:03:58,2026-06-19 16:40:58,scheduled,0,2026-06-19 15:03:58
274fcd43-1ee8-4dec-b4db-343d9298d14b,3466e16f-babd-4a0b-845a-a9bf15932bd1,Priya Nair,Live: Discussing Tech Bytes & Beats with Chang,Interactive Q&A live broadcast with listeners.,2026-06-19 14:49:26,2026-06-19 15:04:26,2026-06-19 16:02:26,live,34,2026-06-19 15:04:26
da209146-2478-47b0-9ff5-cc5de3e93475,f4a14fa1-d103-4465-9031-ff9bd486b173,Vikram Sen,Live: Discussing Science Decoded with Sen,Interactive Q&A live broadcast with listeners.,2026-06-19 14:49:51,2026-06-19 15:04:51,2026-06-19 17:37:51,completed,0,2026-06-19 15:04:51
188bc9a4-7925-481f-8e87-f9576fb35979,777cadea-6b84-4e0e-aa33-9b0ef9d14647,Dr. Ramesh Kumar,Live: Discussing Laugh Track Live with Sharma,Interactive Q&A live broadcast with listeners.,2026-06-19 14:50:16,2026-06-19 15:05:16,2026-06-19 18:26:16,scheduled,0,2026-06-19 15:05:16
e0e0d05c-6587-4d9a-8bb5-340c7a92b34d,2ed9201d-235e-4e65-8574-b487e4a3c14d,Samantha Rogers,Live: Discussing Laugh Track Live with Nair,Interactive Q&A live broadcast with listeners.,2026-06-19 14:50:40,2026-06-19 15:05:40,2026-06-19 17:45:40,scheduled,0,2026-06-19 15:05:40
daa64933-4bd2-4005-ab83-a329ba7e455b,57e85cd4-091b-44f8-a356-989b5c17b7b6,Priya Nair,Live: Discussing Indie Creator Spotlight with Sharma,Interactive Q&A live broadcast with listeners.,2026-06-19 14:50:54,2026-06-19 15:05:54,2026-06-19 15:46:54,live,30,2026-06-19 15:05:54
2484a3f9-fc97-4c21-9b78-ac002ae50d0c,f29c7e3a-b2e5-4fb1-adea-345ad96a85f9,Dr. Ramesh Kumar,Live: Discussing Laugh Track Live with Kumar,Interactive Q&A live broadcast with listeners.,2026-06-19 14:51:05,2026-06-19 15:06:05,2026-06-19 18:47:05,completed,0,2026-06-19 15:06:05
2c3b31b8-9ff5-448f-81ff-4a4ecc8c6464,924f3767-a7a6-452d-97b3-5048f83ade78,Michael Chang,Live: Discussing The Daily Rhythm with Reddy,Interactive Q&A live broadcast with listeners.,2026-06-19 14:52:35,2026-06-19 15:07:35,2026-06-19 17:06:35,completed,0,2026-06-19 15:07:35
6d4851f7-bd0d-4314-b885-0030292f692f,88958818-1649-443f-bdcb-bf91f776490a,Samantha Rogers,Live: Discussing History Reimagined with Sen,Interactive Q&A live broadcast with listeners.,2026-06-19 14:55:08,2026-06-19 15:10:08,2026-06-19 16:35:08,scheduled,0,2026-06-19 15:10:08
b6730968-337a-4906-b245-c079b1f0aeb3,33e649e6-68da-4a24-9722-292612f3f28d,Sarah Jenkins,Live: Discussing Mindset Matters with Chang,Interactive Q&A live broadcast with listeners.,2026-06-19 14:55:49,2026-06-19 15:10:49,2026-06-19 15:36:49,completed,0,2026-06-19 15:10:49
ca3e6a0a-bfd6-4724-846d-839fc7ed47d2,028865c4-a093-4652-b875-db489f054503,Vikram Sen,Live: Discussing Echoes of Eternity with Chang,Interactive Q&A live broadcast with listeners.,2026-06-19 14:59:49,2026-06-19 15:14:49,2026-06-19 17:57:49,completed,0,2026-06-19 15:14:49
95c46dc7-4754-4475-9ca5-273289bec43e,2f8b5fe2-a8b6-49f4-b083-21f53c24957d,Sarah Jenkins,Live: Discussing Indie Creator Spotlight with Reddy,Interactive Q&A live broadcast with listeners.,2026-06-19 15:00:05,2026-06-19 15:15:05,2026-06-19 18:43:05,completed,0,2026-06-19 15:15:05
272b72c1-bc18-4517-a675-4bf1fe2173b2,f29c7e3a-b2e5-4fb1-adea-345ad96a85f9,Dr. Ramesh Kumar,Live: Discussing Laugh Track Live with Kumar,Interactive Q&A live broadcast with listeners.,2026-06-19 15:02:36,2026-06-19 15:17:36,2026-06-19 16:53:36,cancelled,0,2026-06-19 15:17:36
4f9e3186-6f04-4ec2-8fba-edb9d28368d1,2f8b5fe2-a8b6-49f4-b083-21f53c24957d,Sarah Jenkins,Live: Discussing Indie Creator Spotlight with Reddy,Interactive Q&A live broadcast with listeners.,2026-06-19 15:04:03,2026-06-19 15:19:03,2026-06-19 16:59:03,live,24,2026-06-19 15:19:03
7f2d61c4-c7c8-4e33-aed5-396f432e7fe3,0a582612-1924-4072-9dd1-767fbdbfc712,Vikram Sen,Live: Discussing Mindset Matters with Rogers,Interactive Q&A live broadcast with listeners.,2026-06-19 15:06:17,2026-06-19 15:21:17,2026-06-19 18:28:17,cancelled,0,2026-06-19 15:21:17
0da6f459-53ae-4ad4-9204-ccfdcd090d51,0a582612-1924-4072-9dd1-767fbdbfc712,Vikram Sen,Live: Discussing Mindset Matters with Rogers,Interactive Q&A live broadcast with listeners.,2026-06-19 15:07:09,2026-06-19 15:22:09,2026-06-19 15:57:09,scheduled,0,2026-06-19 15:22:09
dcec07e1-d91c-4326-8ddf-e14f607799ad,01405255-fb7e-4ccb-93cf-e9225b5a616c,Samantha Rogers,Live: Discussing The Daily Rhythm with Reddy,Interactive Q&A live broadcast with listeners.,2026-06-19 15:07:17,2026-06-19 15:22:17,2026-06-19 17:27:17,cancelled,0,2026-06-19 15:22:17
b6ec5a36-556f-4555-b320-abedf3d4b389,33e649e6-68da-4a24-9722-292612f3f28d,Sarah Jenkins,Live: Discussing Mindset Matters with Chang,Interactive Q&A live broadcast with listeners.,2026-06-19 15:07:33,2026-06-19 15:22:33,2026-06-19 15:58:33,live,25,2026-06-19 15:22:33
9966c931-2be0-417c-87a4-136a9978f82d,0d768a03-1996-4d4c-8c4c-66ba400fcdcb,Michael Chang,Live: Discussing The Daily Rhythm with Jenkins,Interactive Q&A live broadcast with listeners.,2026-06-19 15:09:01,2026-06-19 15:24:01,2026-06-19 16:38:01,live,38,2026-06-19 15:24:01
11b1efda-aaf6-403b-a846-7759c43c382b,0df70b41-1766-4ee1-9e6d-f69f239d9a2f,Aditya Reddy,Live: Discussing Echoes of Eternity with Reddy,Interactive Q&A live broadcast with listeners.,2026-06-19 15:09:27,2026-06-19 15:24:27,2026-06-19 15:48:27,cancelled,0,2026-06-19 15:24:27
23844cff-68ef-455c-9597-64212a720864,3466e16f-babd-4a0b-845a-a9bf15932bd1,Priya Nair,Live: Discussing Tech Bytes & Beats with Chang,Interactive Q&A live broadcast with listeners.,2026-06-19 15:10:10,2026-06-19 15:25:10,2026-06-19 18:47:10,scheduled,0,2026-06-19 15:25:10
528459cc-0abd-43cc-8acf-078793c3a5ea,e6c211a9-715f-4bab-836d-1b4ac9123c1c,Priya Nair,Live: Discussing Mindset Matters with Sharma,Interactive Q&A live broadcast with listeners.,2026-06-19 15:12:33,2026-06-19 15:27:33,2026-06-19 18:56:33,live,28,2026-06-19 15:27:33
e7ff9ab7-5794-4c63-8d8b-4d3300839857,f29c7e3a-b2e5-4fb1-adea-345ad96a85f9,Dr. Ramesh Kumar,Live: Discussing Laugh Track Live with Kumar,Interactive Q&A live broadcast with listeners.,2026-06-19 15:14:02,2026-06-19 15:29:02,2026-06-19 19:04:02,completed,0,2026-06-19 15:29:02
32b44bae-d372-44be-bd83-b47bed20882c,01405255-fb7e-4ccb-93cf-e9225b5a616c,Samantha Rogers,Live: Discussing The Daily Rhythm with Reddy,Interactive Q&A live broadcast with listeners.,2026-06-19 15:15:18,2026-06-19 15:30:18,2026-06-19 15:40:18,completed,0,2026-06-19 15:30:18
75e1a865-b5e8-4634-882b-74302eaef028,7a3d9105-4f53-492b-a4f8-51609eff9472,Michael Chang,Live: Discussing Science Decoded with Nair,Interactive Q&A live broadcast with listeners.,2026-06-19 15:15:27,2026-06-19 15:30:27,2026-06-19 19:27:27,completed,0,2026-06-19 15:30:27
af2edfb5-f52c-4d25-94e4-83f8d0cc76e9,7ae6b74d-8afd-411b-a741-c29f412e30ac,Samantha Rogers,Live: Discussing Indie Creator Spotlight with Kumar,Interactive Q&A live broadcast with listeners.,2026-06-19 15:15:45,2026-06-19 15:30:45,2026-06-19 17:54:45,live,38,2026-06-19 15:30:45
5573264e-73e4-46f1-8c54-3b31e8b2a499,0df70b41-1766-4ee1-9e6d-f69f239d9a2f,Aditya Reddy,Live: Discussing Echoes of Eternity with Reddy,Interactive Q&A live broadcast with listeners.,2026-06-19 15:16:21,2026-06-19 15:31:21,2026-06-19 19:05:21,cancelled,0,2026-06-19 15:31:21
32163962-83aa-440b-9307-64e94a79834d,74561401-0548-43a3-9267-51deb2a1ce93,Samantha Rogers,Live: Discussing Echoes of Eternity with Chang,Interactive Q&A live broadcast with listeners.,2026-06-19 15:16:29,2026-06-19 15:31:29,2026-06-19 19:28:29,cancelled,0,2026-06-19 15:31:29
1a86d359-7d4f-4994-9b68-184979d47743,4fe3a113-9163-4e87-a5cb-a5899d6331bb,Sarah Jenkins,Live: Discussing Tech Bytes & Beats with Sen,Interactive Q&A live broadcast with listeners.,2026-06-19 15:17:20,2026-06-19 15:32:20,2026-06-19 18:24:20,cancelled,0,2026-06-19 15:32:20
1f1b2955-9f45-473b-80bd-285cd772a1e7,0df70b41-1766-4ee1-9e6d-f69f239d9a2f,Aditya Reddy,Live: Discussing Echoes of Eternity with Reddy,Interactive Q&A live broadcast with listeners.,2026-06-19 15:18:01,2026-06-19 15:33:01,2026-06-19 17:15:01,live,20,2026-06-19 15:33:01
a571c5ab-6a19-424f-9587-530803382197,929db359-0b9c-4dcd-b2d4-a9edc08d1ca9,Dr. Ramesh Kumar,Live: Discussing Mindset Matters with Kumar,Interactive Q&A live broadcast with listeners.,2026-06-19 15:18:17,2026-06-19 15:33:17,2026-06-19 17:43:17,scheduled,0,2026-06-19 15:33:17
4654207e-9432-4e20-bb8b-5fadbc7a0a99,74561401-0548-43a3-9267-51deb2a1ce93,Samantha Rogers,Live: Discussing Echoes of Eternity with Chang,Interactive Q&A live broadcast with listeners.,2026-06-19 15:18:40,2026-06-19 15:33:40,2026-06-19 17:19:40,completed,0,2026-06-19 15:33:40
6d9fc08e-27e6-4448-8d2d-f6bb1eb7b652,5d634327-cef0-442e-862a-c61a6ebc8bcf,Dr. Ramesh Kumar,Live: Discussing Science Decoded with Rogers,Interactive Q&A live broadcast with listeners.,2026-06-19 15:19:31,2026-06-19 15:34:31,2026-06-19 17:02:31,scheduled,0,2026-06-19 15:34:31
544c36d5-f19d-4681-9c35-0149359bbd7a,0603e240-431c-4df1-aba5-d71528aa5c47,Priya Nair,Live: Discussing Indie Creator Spotlight with Reddy,Interactive Q&A live broadcast with listeners.,2026-06-19 15:19:57,2026-06-19 15:34:57,2026-06-19 19:04:57,live,29,2026-06-19 15:34:57
966acfc9-891f-44dc-9930-bdc58de043ef,7a3d9105-4f53-492b-a4f8-51609eff9472,Michael Chang,Live: Discussing Science Decoded with Nair,Interactive Q&A live broadcast with listeners.,2026-06-19 15:20:48,2026-06-19 15:35:48,2026-06-19 16:02:48,live,65,2026-06-19 15:35:48
1e3a0c6f-b8bc-4510-9792-c8f5ff0da6ac,ab284b45-a84b-4293-b368-f94e0a62236d,Samantha Rogers,Live: Discussing Science Decoded with Sharma,Interactive Q&A live broadcast with listeners.,2026-06-19 15:24:02,2026-06-19 15:39:02,2026-06-19 17:43:02,completed,0,2026-06-19 15:39:02
5b0fd04c-6c87-47f5-810a-4a4bcaa0ad70,5d634327-cef0-442e-862a-c61a6ebc8bcf,Dr. Ramesh Kumar,Live: Discussing Science Decoded with Rogers,Interactive Q&A live broadcast with listeners.,2026-06-19 15:25:22,2026-06-19 15:40:22,2026-06-19 19:40:22,cancelled,0,2026-06-19 15:40:22
f0afb766-8b54-4ca9-8a0f-5cc0aca70f2b,88958818-1649-443f-bdcb-bf91f776490a,Samantha Rogers,Live: Discussing History Reimagined with Sen,Interactive Q&A live broadcast with listeners.,2026-06-19 15:28:37,2026-06-19 15:43:37,2026-06-19 19:27:37,live,69,2026-06-19 15:43:37
9d646fc9-6349-45ff-a2d6-70080fc6e5c5,d7496674-8974-408e-90d0-1eff083fc312,Sarah Jenkins,Live: Discussing Laugh Track Live with Reddy,Interactive Q&A live broadcast with listeners.,2026-06-19 15:30:37,2026-06-19 15:45:37,2026-06-19 18:00:37,scheduled,0,2026-06-19 15:45:37
bfd8865a-79ee-4af4-b162-9ccead613c8f,ceb789ce-251c-47d3-99a4-a9f2b41c4aff,Dr. Ramesh Kumar,Live: Discussing The Daily Rhythm with Sen,Interactive Q&A live broadcast with listeners.,2026-06-19 15:30:56,2026-06-19 15:45:56,2026-06-19 18:04:56,cancelled,0,2026-06-19 15:45:56
eb0a7a92-c2e3-4465-9826-ec7dd6fce8d3,2f8b5fe2-a8b6-49f4-b083-21f53c24957d,Sarah Jenkins,Live: Discussing Indie Creator Spotlight with Reddy,Interactive Q&A live broadcast with listeners.,2026-06-19 15:31:56,2026-06-19 15:46:56,2026-06-19 19:16:56,cancelled,0,2026-06-19 15:46:56
532ad3b6-0d86-426b-a121-7113c78c1d7a,7b3faafc-5a81-460c-aca5-0215d32f83ec,Kabir Sharma,Live: Discussing History Reimagined with Chang,Interactive Q&A live broadcast with listeners.,2026-06-19 15:33:17,2026-06-19 15:48:17,2026-06-19 16:32:17,live,79,2026-06-19 15:48:17
8c3aa7ce-0248-41c7-86ec-e8b1e5475b91,47c9b1f9-8bf3-4044-b90e-70e6d40f5150,Vikram Sen,Live: Discussing Tech Bytes & Beats with Nair,Interactive Q&A live broadcast with listeners.,2026-06-19 15:34:32,2026-06-19 15:49:32,2026-06-19 17:32:32,scheduled,0,2026-06-19 15:49:32
d081e944-7898-4aa1-b530-5a19a1f0eb59,ab284b45-a84b-4293-b368-f94e0a62236d,Samantha Rogers,Live: Discussing Science Decoded with Sharma,Interactive Q&A live broadcast with listeners.,2026-06-19 18:09:51,2026-06-19 18:24:51,2026-06-19 22:14:51,cancelled,0,2026-06-19 18:24:51
0cb161b7-795b-440b-aa9a-5dcd5af0cd22,0627f72f-3a6f-4122-833d-549637ce0a32,Samantha Rogers,Live: Discussing The Daily Rhythm with Rogers,Interactive Q&A live broadcast with listeners.,2026-06-19 18:10:06,2026-06-19 18:25:06,2026-06-19 20:19:06,scheduled,0,2026-06-19 18:25:06
baa896bd-f95f-4ce7-ba0b-5bb62446ddd4,b9b8d353-bdc0-4624-a6b3-58e13a29ee85,Kabir Sharma,Live: Discussing The Daily Rhythm with Jenkins,Interactive Q&A live broadcast with listeners.,2026-06-19 18:10:11,2026-06-19 18:25:11,2026-06-19 20:10:11,live,80,2026-06-19 18:25:11
a070d391-dfbc-4703-a89f-9bb5182ccd1c,b9b8d353-bdc0-4624-a6b3-58e13a29ee85,Kabir Sharma,Live: Discussing The Daily Rhythm with Jenkins,Interactive Q&A live broadcast with listeners.,2026-06-19 18:10:16,2026-06-19 18:25:16,2026-06-19 19:25:16,cancelled,0,2026-06-19 18:25:16
0361387f-caf3-40bf-99f8-4b59be44ff49,c2b9116c-5bbc-455a-a53a-f438eaa7c81c,Sarah Jenkins,Live: Discussing Echoes of Eternity with Chang,Interactive Q&A live broadcast with listeners.,2026-06-19 18:10:57,2026-06-19 18:25:57,2026-06-19 21:46:57,completed,0,2026-06-19 18:25:57
75560c48-2964-43d8-82ed-cec13ae00bfa,c49a1495-48f9-4a14-bb48-c05a21fbbcca,Samantha Rogers,Live: Discussing History Reimagined with Sen,Interactive Q&A live broadcast with listeners.,2026-06-19 18:11:39,2026-06-19 18:26:39,2026-06-19 19:25:39,live,76,2026-06-19 18:26:39
aff7a67b-3d46-4ca7-b5d2-65380e0c2706,3e7d9515-e207-49be-85c3-1fabb1482e80,Kabir Sharma,Live: Discussing Science Decoded with Rogers,Interactive Q&A live broadcast with listeners.,2026-06-19 18:13:47,2026-06-19 18:28:47,2026-06-19 20:27:47,live,77,2026-06-19 18:28:47
57dde2fd-bfa4-482d-b673-5384bee5893a,d7496674-8974-408e-90d0-1eff083fc312,Sarah Jenkins,Live: Discussing Laugh Track Live with Reddy,Interactive Q&A live broadcast with listeners.,2026-06-19 18:14:21,2026-06-19 18:29:21,2026-06-19 20:21:21,cancelled,0,2026-06-19 18:29:21
0fba1efc-16fc-4c05-99ca-1b8198267c94,d7496674-8974-408e-90d0-1eff083fc312,Sarah Jenkins,Live: Discussing Laugh Track Live with Reddy,Interactive Q&A live broadcast with listeners.,2026-06-19 18:15:32,2026-06-19 18:30:32,2026-06-19 20:40:32,scheduled,0,2026-06-19 18:30:32
6d45342f-6b54-42b3-916c-7ad9cb297bb3,5107496d-e3a4-45b2-9430-03afbafb97ba,Kabir Sharma,Live: Discussing Mindset Matters with Sen,Interactive Q&A live broadcast with listeners.,2026-06-19 18:16:41,2026-06-19 18:31:41,2026-06-19 20:45:41,scheduled,0,2026-06-19 18:31:41
145c9212-19b7-4089-a879-e3b1dfc73203,5081dea1-efb0-40f1-91a3-c460665ee75a,Dr. Ramesh Kumar,Live: Discussing Tech Bytes & Beats with Reddy,Interactive Q&A live broadcast with listeners.,2026-06-19 18:17:53,2026-06-19 18:32:53,2026-06-19 19:49:53,completed,0,2026-06-19 18:32:53
b4fa1f3d-38c1-4690-a421-971d3eb286f6,028865c4-a093-4652-b875-db489f054503,Vikram Sen,Live: Discussing Echoes of Eternity with Chang,Interactive Q&A live broadcast with listeners.,2026-06-19 18:18:00,2026-06-19 18:33:00,2026-06-19 22:19:00,live,43,2026-06-19 18:33:00
b8638efe-ed1f-4a78-9f79-2deba7537ae9,e0b88463-967a-4892-8c24-04921993c940,Dr. Ramesh Kumar,Live: Discussing Laugh Track Live with Sharma,Interactive Q&A live broadcast with listeners.,2026-06-19 18:18:06,2026-06-19 18:33:06,2026-06-19 20:20:06,scheduled,0,2026-06-19 18:33:06
5e97f0bf-ff6c-4c81-b2c7-15c3e40911e8,d1dc1e14-78c8-4055-b1bb-80e2182ac2b8,Aditya Reddy,Live: Discussing Science Decoded with Chang,Interactive Q&A live broadcast with listeners.,2026-06-19 18:18:53,2026-06-19 18:33:53,2026-06-19 20:10:53,scheduled,0,2026-06-19 18:33:53
f88ae496-171d-40db-a1d7-7979471c422a,8d30de23-1f8d-46ad-9da2-1e8873b10603,Michael Chang,Live: Discussing Tech Bytes & Beats with Rogers,Interactive Q&A live broadcast with listeners.,2026-06-19 18:19:30,2026-06-19 18:34:30,2026-06-19 19:42:30,live,30,2026-06-19 18:34:30
e93193f3-33a1-436b-8ada-2a924de91463,c4483aaa-4105-45bd-8127-7786e86e02fe,Sarah Jenkins,Live: Discussing The Daily Rhythm with Nair,Interactive Q&A live broadcast with listeners.,2026-06-19 18:20:39,2026-06-19 18:35:39,2026-06-19 20:13:39,completed,0,2026-06-19 18:35:39
c5257dfe-80a7-4744-a198-e813f45754cc,4b6ed9b3-e3e1-4361-b373-6d76be268673,Michael Chang,Live: Discussing Mindset Matters with Reddy,Interactive Q&A live broadcast with listeners.,2026-06-19 18:20:53,2026-06-19 18:35:53,2026-06-19 21:09:53,live,68,2026-06-19 18:35:53
e539a87b-5e4b-46d1-91a6-38ac86ab57c1,bdc160bd-c4bb-43ab-aee8-8c40556abfaa,Kabir Sharma,Live: Discussing Indie Creator Spotlight with Sharma,Interactive Q&A live broadcast with listeners.,2026-06-19 18:22:06,2026-06-19 18:37:06,2026-06-19 22:15:06,completed,0,2026-06-19 18:37:06
ce737b8c-9ade-4513-a79a-ceee0da884fa,7b3faafc-5a81-460c-aca5-0215d32f83ec,Kabir Sharma,Live: Discussing History Reimagined with Chang,Interactive Q&A live broadcast with listeners.,2026-06-19 18:22:14,2026-06-19 18:37:14,2026-06-19 20:19:14,completed,0,2026-06-19 18:37:14
62925d84-a331-48de-be08-becf87a216f4,f4a14fa1-d103-4465-9031-ff9bd486b173,Vikram Sen,Live: Discussing Science Decoded with Sen,Interactive Q&A live broadcast with listeners.,2026-06-19 18:22:41,2026-06-19 18:37:41,2026-06-19 19:51:41,cancelled,0,2026-06-19 18:37:41
676b406d-ed29-4a34-b9c2-13785d4b9823,09b1527a-66e8-451a-a98c-dbd78919cc30,Priya Nair,Live: Discussing Indie Creator Spotlight with Sharma,Interactive Q&A live broadcast with listeners.,2026-06-19 18:22:48,2026-06-19 18:37:48,2026-06-19 21:47:48,scheduled,0,2026-06-19 18:37:48
e3efa12d-5114-4655-a6c6-843b1adbf6b6,c49a1495-48f9-4a14-bb48-c05a21fbbcca,Samantha Rogers,Live: Discussing History Reimagined with Sen,Interactive Q&A live broadcast with listeners.,2026-06-19 18:23:54,2026-06-19 18:38:54,2026-06-19 20:35:54,cancelled,0,2026-06-19 18:38:54
74224693-9903-4cf4-8b59-70cdba9f2687,b9b8d353-bdc0-4624-a6b3-58e13a29ee85,Kabir Sharma,Live: Discussing The Daily Rhythm with Jenkins,Interactive Q&A live broadcast with listeners.,2026-06-19 18:24:33,2026-06-19 18:39:33,2026-06-19 22:07:33,cancelled,0,2026-06-19 18:39:33
66ba25ce-c8a6-4a82-95f5-d010b3ac2214,028865c4-a093-4652-b875-db489f054503,Vikram Sen,Live: Discussing Echoes of Eternity with Chang,Interactive Q&A live broadcast with listeners.,2026-06-19 18:27:17,2026-06-19 18:42:17,2026-06-19 19:50:17,scheduled,0,2026-06-19 18:42:17
48e9b018-a171-489f-8c28-6ff97aa6fbf9,e94d52b8-a380-490c-997b-8628fd3d556e,Michael Chang,Live: Discussing History Reimagined with Nair,Interactive Q&A live broadcast with listeners.,2026-06-19 18:27:41,2026-06-19 18:42:41,2026-06-19 19:28:41,cancelled,0,2026-06-19 18:42:41
2e5e813d-98d1-442d-8c95-fcd62d64223f,c2f6c72d-2156-4087-8007-6674c57e6776,Sarah Jenkins,Live: Discussing The Daily Rhythm with Sen,Interactive Q&A live broadcast with listeners.,2026-06-19 18:28:20,2026-06-19 18:43:20,2026-06-19 22:02:20,cancelled,0,2026-06-19 18:43:20
c619073a-74bf-4c19-8080-feaf01ee2720,6d3ae58e-db95-4dd9-8861-d105464727ed,Dr. Ramesh Kumar,Live: Discussing Science Decoded with Sen,Interactive Q&A live broadcast with listeners.,2026-06-19 18:28:32,2026-06-19 18:43:32,2026-06-19 19:08:32,scheduled,0,2026-06-19 18:43:32
12889038-9d71-4a7e-b363-8b2836e09580,5932f0f8-8433-4918-9ca4-6add9751d669,Vikram Sen,Live: Discussing The Daily Rhythm with Rogers,Interactive Q&A live broadcast with listeners.,2026-06-19 18:28:38,2026-06-19 18:43:38,2026-06-19 21:56:38,scheduled,0,2026-06-19 18:43:38
1f1e96f1-ec1c-4db3-850b-969068d2c516,4b6ed9b3-e3e1-4361-b373-6d76be268673,Michael Chang,Live: Discussing Mindset Matters with Reddy,Interactive Q&A live broadcast with listeners.,2026-06-19 18:28:51,2026-06-19 18:43:51,2026-06-19 19:21:51,completed,0,2026-06-19 18:43:51
d48b1846-c672-4d21-8606-e615470ef0c7,6f11a8e9-333a-4426-a563-4fd0d048c009,Samantha Rogers,Live: Discussing Indie Creator Spotlight with Sharma,Interactive Q&A live broadcast with listeners.,2026-06-19 18:29:12,2026-06-19 18:44:12,2026-06-19 20:21:12,cancelled,0,2026-06-19 18:44:12
fc7871bd-58e5-4ad7-8c72-32d7a3197a18,e94d52b8-a380-490c-997b-8628fd3d556e,Michael Chang,Live: Discussing History Reimagined with Nair,Interactive Q&A live broadcast with listeners.,2026-06-19 18:29:35,2026-06-19 18:44:35,2026-06-19 21:46:35,cancelled,0,2026-06-19 18:44:35
5ecbf1aa-18fb-4e85-a0d9-927604be01e6,4e17dfc3-f41f-4f52-ad70-b6164c7e2b2b,Aditya Reddy,Live: Discussing Laugh Track Live with Reddy,Interactive Q&A live broadcast with listeners.,2026-06-19 18:30:59,2026-06-19 18:45:59,2026-06-19 21:12:59,scheduled,0,2026-06-19 18:45:59
e6cd5176-069d-458f-8843-d49c92095e5a,9a72199d-3081-46f9-bf0e-44bef5945b1a,Vikram Sen,Live: Discussing Science Decoded with Sen,Interactive Q&A live broadcast with listeners.,2026-06-19 18:31:04,2026-06-19 18:46:04,2026-06-19 20:21:04,completed,0,2026-06-19 18:46:04
1bf2e1ee-b73a-4c12-9ca7-696357dbb849,79c60b89-b049-44af-866b-65d6f3c6e6d4,Kabir Sharma,Live: Discussing Indie Creator Spotlight with Sen,Interactive Q&A live broadcast with listeners.,2026-06-19 18:31:12,2026-06-19 18:46:12,2026-06-19 21:01:12,scheduled,0,2026-06-19 18:46:12
c5b356dd-4515-45d0-a29e-f799aba046cb,47326064-5811-4847-882d-276f9814084d,Dr. Ramesh Kumar,Live: Discussing Science Decoded with Jenkins,Interactive Q&A live broadcast with listeners.,2026-06-19 18:31:43,2026-06-19 18:46:43,2026-06-19 19:03:43,scheduled,0,2026-06-19 18:46:43
18df1fd9-8e2b-4289-a446-0d4e7b286295,4e17dfc3-f41f-4f52-ad70-b6164c7e2b2b,Aditya Reddy,Live: Discussing Laugh Track Live with Reddy,Interactive Q&A live broadcast with listeners.,2026-06-19 18:32:57,2026-06-19 18:47:57,2026-06-19 21:57:57,cancelled,0,2026-06-19 18:47:57
97df34de-04a1-4c46-a335-37a2c247e50c,47c9b1f9-8bf3-4044-b90e-70e6d40f5150,Vikram Sen,Live: Discussing Tech Bytes & Beats with Nair,Interactive Q&A live broadcast with listeners.,2026-06-19 18:34:08,2026-06-19 18:49:08,2026-06-19 19:46:08,completed,0,2026-06-19 18:49:08
cdc42bee-ef0b-4221-acfe-3adaac439e52,a642ecb1-058c-4dfb-9443-703d72cdb07d,Vikram Sen,Live: Discussing Tech Bytes & Beats with Nair,Interactive Q&A live broadcast with listeners.,2026-06-19 18:35:17,2026-06-19 18:50:17,2026-06-19 21:42:17,completed,0,2026-06-19 18:50:17
f407efcf-b2e7-4815-a81a-54b59c7a1729,c4dcc09f-dc77-453e-8f29-0923c7dbd9e6,Vikram Sen,Live: Discussing Tech Bytes & Beats with Reddy,Interactive Q&A live broadcast with listeners.,2026-06-19 18:35:25,2026-06-19 18:50:25,2026-06-19 21:40:25,scheduled,0,2026-06-19 18:50:25
0dce318e-ad43-4b4e-9fac-bda6a3fe3252,ceb789ce-251c-47d3-99a4-a9f2b41c4aff,Dr. Ramesh Kumar,Live: Discussing The Daily Rhythm with Sen,Interactive Q&A live broadcast with listeners.,2026-06-19 18:36:10,2026-06-19 18:51:10,2026-06-19 20:41:10,scheduled,0,2026-06-19 18:51:10
7e59bb6a-c13c-46ed-944e-6bb4987251b5,d7496674-8974-408e-90d0-1eff083fc312,Sarah Jenkins,Live: Discussing Laugh Track Live with Reddy,Interactive Q&A live broadcast with listeners.,2026-06-19 18:36:50,2026-06-19 18:51:50,2026-06-19 22:13:50,completed,0,2026-06-19 18:51:50
17cad539-2694-4b6f-8ecb-3260e3f67b2e,f4a14fa1-d103-4465-9031-ff9bd486b173,Vikram Sen,Live: Discussing Science Decoded with Sen,Interactive Q&A live broadcast with listeners.,2026-06-19 18:36:57,2026-06-19 18:51:57,2026-06-19 22:47:57,completed,0,2026-06-19 18:51:57
09990510-5986-4282-a764-822e2b1b4ef6,bdc160bd-c4bb-43ab-aee8-8c40556abfaa,Kabir Sharma,Live: Discussing Indie Creator Spotlight with Sharma,Interactive Q&A live broadcast with listeners.,2026-06-19 18:37:23,2026-06-19 18:52:23,2026-06-19 22:05:23,scheduled,0,2026-06-19 18:52:23
bad9a96e-40d5-4fbb-8a84-64d56c4f4492,4cbc247e-ba81-47e5-943a-443baa62162a,Sarah Jenkins,Live: Discussing History Reimagined with Nair,Interactive Q&A live broadcast with listeners.,2026-06-19 18:38:19,2026-06-19 18:53:19,2026-06-19 20:29:19,completed,0,2026-06-19 18:53:19
e5120771-daaf-483b-baaa-e14d48d854dc,0603e240-431c-4df1-aba5-d71528aa5c47,Priya Nair,Live: Discussing Indie Creator Spotlight with Reddy,Interactive Q&A live broadcast with listeners.,2026-06-19 18:38:32,2026-06-19 18:53:32,2026-06-19 21:31:32,cancelled,0,2026-06-19 18:53:32
6d89ae25-ba57-4fa8-b733-cd3c7c1830dd,028865c4-a093-4652-b875-db489f054503,Vikram Sen,Live: Discussing Echoes of Eternity with Chang,Interactive Q&A live broadcast with listeners.,2026-06-19 18:39:24,2026-06-19 18:54:24,2026-06-19 21:54:24,live,65,2026-06-19 18:54:24
f24e62d9-1363-4795-a535-0999f13c1819,23b606d5-1c20-4db5-a7d3-396ed2171821,Priya Nair,Live: Discussing Tech Bytes & Beats with Jenkins,Interactive Q&A live broadcast with listeners.,2026-06-19 18:39:33,2026-06-19 18:54:33,2026-06-19 19:55:33,completed,0,2026-06-19 18:54:33
07291f11-a6d7-4f65-a726-28ef3d8eb544,d2b421bf-566d-40fb-8f18-ca0201077b7f,Vikram Sen,Live: Discussing Echoes of Eternity with Chang,Interactive Q&A live broadcast with listeners.,2026-06-19 18:40:23,2026-06-19 18:55:23,2026-06-19 22:51:23,live,51,2026-06-19 18:55:23
fa2093ca-7c54-418a-9010-f75a3f51ddf7,6f11a8e9-333a-4426-a563-4fd0d048c009,Samantha Rogers,Live: Discussing Indie Creator Spotlight with Sharma,Interactive Q&A live broadcast with listeners.,2026-06-19 18:41:07,2026-06-19 18:56:07,2026-06-19 19:10:07,completed,0,2026-06-19 18:56:07
b3bb4fac-2070-4330-b3b5-5e005c6e372a,6d3ae58e-db95-4dd9-8861-d105464727ed,Dr. Ramesh Kumar,Live: Discussing Science Decoded with Sen,Interactive Q&A live broadcast with listeners.,2026-06-19 18:41:47,2026-06-19 18:56:47,2026-06-19 22:29:47,completed,0,2026-06-19 18:56:47
61d4e319-aa09-4494-9fd9-c43c49262a50,88958818-1649-443f-bdcb-bf91f776490a,Samantha Rogers,Live: Discussing History Reimagined with Sen,Interactive Q&A live broadcast with listeners.,2026-06-19 18:42:14,2026-06-19 18:57:14,2026-06-19 22:29:14,completed,0,2026-06-19 18:57:14
73a47ddd-ab99-4766-af1f-3238d3c4a8f4,3466e16f-babd-4a0b-845a-a9bf15932bd1,Priya Nair,Live: Discussing Tech Bytes & Beats with Chang,Interactive Q&A live broadcast with listeners.,2026-06-19 18:42:39,2026-06-19 18:57:39,2026-06-19 20:02:39,completed,0,2026-06-19 18:57:39
ff5179d5-4ad8-438d-a35a-31a6842f18a8,d1dc1e14-78c8-4055-b1bb-80e2182ac2b8,Aditya Reddy,Live: Discussing Science Decoded with Chang,Interactive Q&A live broadcast with listeners.,2026-06-19 18:42:46,2026-06-19 18:57:46,2026-06-19 20:19:46,cancelled,0,2026-06-19 18:57:46
fd3ae459-2109-4d92-af11-6bf03a774488,f4fd4a45-2b6d-4973-9945-59f964c9a215,Michael Chang,Live: Discussing Tech Bytes & Beats with Sharma,Interactive Q&A live broadcast with listeners.,2026-06-19 18:42:53,2026-06-19 18:57:53,2026-06-19 21:17:53,completed,0,2026-06-19 18:57:53
0f8891a3-d5bb-411e-ace5-b2f86903e754,cfd6463b-b348-42ff-b0aa-59ffec47c77b,Dr. Ramesh Kumar,Live: Discussing Tech Bytes & Beats with Kumar,Interactive Q&A live broadcast with listeners.,2026-06-19 18:43:05,2026-06-19 18:58:05,2026-06-19 22:47:05,completed,0,2026-06-19 18:58:05
766d00f0-d870-48a7-b5cc-89a58e48156f,e6c211a9-715f-4bab-836d-1b4ac9123c1c,Priya Nair,Live: Discussing Mindset Matters with Sharma,Interactive Q&A live broadcast with listeners.,2026-06-19 18:43:17,2026-06-19 18:58:17,2026-06-19 21:10:17,scheduled,0,2026-06-19 18:58:17
ca02887b-a6de-488a-9623-42aad88d6dad,54b98a6d-64a9-491c-ac32-74bd9ad348f3,Aditya Reddy,Live: Discussing Laugh Track Live with Jenkins,Interactive Q&A live broadcast with listeners.,2026-06-19 18:43:43,2026-06-19 18:58:43,2026-06-19 19:33:43,scheduled,0,2026-06-19 18:58:43
32fe2a3c-40b2-4b81-9a06-eb10c427a6c4,15edfbe7-b187-41a2-b1cc-561d36c0eba2,Samantha Rogers,Live: Discussing Echoes of Eternity with Kumar,Interactive Q&A live broadcast with listeners.,2026-06-19 18:45:09,2026-06-19 19:00:09,2026-06-19 19:28:09,cancelled,0,2026-06-19 19:00:09
2b5fdda2-bb16-4216-8cf5-dc1c1eca67dc,616dca01-5c4f-4470-a994-82287961f311,Michael Chang,Live: Discussing Echoes of Eternity with Chang,Interactive Q&A live broadcast with listeners.,2026-06-19 18:46:17,2026-06-19 19:01:17,2026-06-19 20:41:17,live,22,2026-06-19 19:01:17
10dd6883-4135-4fdf-ad50-54a94136b871,38ca3cc4-0bde-4a96-855e-03db88086161,Kabir Sharma,Live: Discussing Science Decoded with Sharma,Interactive Q&A live broadcast with listeners.,2026-06-19 18:46:36,2026-06-19 19:01:36,2026-06-19 19:58:36,live,15,2026-06-19 19:01:36
64dcb08a-bf4c-4275-9bd8-cea203016000,bdc160bd-c4bb-43ab-aee8-8c40556abfaa,Kabir Sharma,Live: Discussing Indie Creator Spotlight with Sharma,Interactive Q&A live broadcast with listeners.,2026-06-19 18:47:09,2026-06-19 19:02:09,2026-06-19 19:26:09,scheduled,0,2026-06-19 19:02:09
024be1b5-b921-4096-9eed-7a9d925161c1,505be40c-3fba-46f3-9c14-644c7ec5c642,Samantha Rogers,Live: Discussing Science Decoded with Sharma,Interactive Q&A live broadcast with listeners.,2026-06-19 18:47:42,2026-06-19 19:02:42,2026-06-19 20:21:42,scheduled,0,2026-06-19 19:02:42
f4d38aec-31d5-45d7-a0a5-49bdbb9a9586,ceb789ce-251c-47d3-99a4-a9f2b41c4aff,Dr. Ramesh Kumar,Live: Discussing The Daily Rhythm with Sen,Interactive Q&A live broadcast with listeners.,2026-06-19 18:50:16,2026-06-19 19:05:16,2026-06-19 19:49:16,live,26,2026-06-19 19:05:16
a123b0d2-f4e6-4142-8511-41daa4b5eaab,5d634327-cef0-442e-862a-c61a6ebc8bcf,Dr. Ramesh Kumar,Live: Discussing Science Decoded with Rogers,Interactive Q&A live broadcast with listeners.,2026-06-19 18:50:54,2026-06-19 19:05:54,2026-06-19 19:35:54,completed,0,2026-06-19 19:05:54
b82ba349-e980-4fe1-a9d0-6dffed85f8e3,0969b1ae-a739-49de-ad1b-d95c6abc94a0,Vikram Sen,Live: Discussing Indie Creator Spotlight with Reddy,Interactive Q&A live broadcast with listeners.,2026-06-19 18:51:31,2026-06-19 19:06:31,2026-06-19 21:54:31,live,16,2026-06-19 19:06:31
56b35628-347a-46e1-ae18-9ff205259473,2f8b5fe2-a8b6-49f4-b083-21f53c24957d,Sarah Jenkins,Live: Discussing Indie Creator Spotlight with Reddy,Interactive Q&A live broadcast with listeners.,2026-06-19 18:51:51,2026-06-19 19:06:51,2026-06-19 22:55:51,cancelled,0,2026-06-19 19:06:51
7981e43c-0670-42ef-a7b0-298fef7193ca,f4ff37e9-499e-49e7-9108-6cb9e13eeeda,Aditya Reddy,Live: Discussing Mindset Matters with Kumar,Interactive Q&A live broadcast with listeners.,2026-06-19 18:53:23,2026-06-19 19:08:23,2026-06-19 19:42:23,live,54,2026-06-19 19:08:23
5e2ddf6e-9114-4975-adb2-125c733e5f79,2f8b5fe2-a8b6-49f4-b083-21f53c24957d,Sarah Jenkins,Live: Discussing Indie Creator Spotlight with Reddy,Interactive Q&A live broadcast with listeners.,2026-06-19 18:54:41,2026-06-19 19:09:41,2026-06-19 22:24:41,completed,0,2026-06-19 19:09:41
6bc185b6-1266-41f7-a6a1-7215df59ebf8,b9b8d353-bdc0-4624-a6b3-58e13a29ee85,Kabir Sharma,Live: Discussing The Daily Rhythm with Jenkins,Interactive Q&A live broadcast with listeners.,2026-06-19 18:55:50,2026-06-19 19:10:50,2026-06-19 22:46:50,scheduled,0,2026-06-19 19:10:50
44921dd1-807f-480f-834e-795b08e3e6fa,9d257c77-b050-49ce-9776-6dfa83c3b480,Sarah Jenkins,Live: Discussing Laugh Track Live with Sen,Interactive Q&A live broadcast with listeners.,2026-06-19 18:56:03,2026-06-19 19:11:03,2026-06-19 21:05:03,completed,0,2026-06-19 19:11:03
d784cef1-4253-4b7f-bf52-b0386280495f,54b98a6d-64a9-491c-ac32-74bd9ad348f3,Aditya Reddy,Live: Discussing Laugh Track Live with Jenkins,Interactive Q&A live broadcast with listeners.,2026-06-19 18:56:09,2026-06-19 19:11:09,2026-06-19 21:24:09,completed,0,2026-06-19 19:11:09
7580394f-0c76-4cda-b1f0-bdb5ce3b7f43,5f759664-547c-4dd7-bce8-cc9942b12ab7,Kabir Sharma,Live: Discussing Science Decoded with Reddy,Interactive Q&A live broadcast with listeners.,2026-06-19 18:56:58,2026-06-19 19:11:58,2026-06-19 23:00:58,completed,0,2026-06-19 19:11:58
f90efe5e-5ad1-40c0-bdaf-58859f7f47c6,684c5505-69db-4bc1-abf8-bc87409c5f83,Priya Nair,Live: Discussing Science Decoded with Chang,Interactive Q&A live broadcast with listeners.,2026-06-19 18:58:02,2026-06-19 19:13:02,2026-06-19 20:05:02,cancelled,0,2026-06-19 19:13:02
f0a36cba-244c-48fd-ba21-5e9a8b900aa0,2c316e7b-5520-430b-9b05-22bec5e0b0f0,Vikram Sen,Live: Discussing Tech Bytes & Beats with Reddy,Interactive Q&A live broadcast with listeners.,2026-06-19 18:59:01,2026-06-19 19:14:01,2026-06-19 19:49:01,live,28,2026-06-19 19:14:01
147b55c2-8533-459a-a8d9-fc8fdcc97336,74856ce6-5be6-4896-95c4-509057abce4c,Sarah Jenkins,Live: Discussing Indie Creator Spotlight with Reddy,Interactive Q&A live broadcast with listeners.,2026-06-19 18:59:29,2026-06-19 19:14:29,2026-06-19 21:25:29,live,63,2026-06-19 19:14:29
5f241455-7d39-4e7f-b0a1-e0d1b8378bc7,fb9fc55d-9013-4c75-b46b-efea54182bda,Priya Nair,Live: Discussing Mindset Matters with Chang,Interactive Q&A live broadcast with listeners.,2026-06-19 18:59:50,2026-06-19 19:14:50,2026-06-19 19:26:50,completed,0,2026-06-19 19:14:50
4c80be24-6dcc-44d0-824d-5f782f00cee6,c42c1644-1cac-40bd-9927-12e935dcf8c0,Michael Chang,Live: Discussing Science Decoded with Chang,Interactive Q&A live broadcast with listeners.,2026-06-19 19:00:02,2026-06-19 19:15:02,2026-06-19 21:10:02,completed,0,2026-06-19 19:15:02
c8f010c7-7c1b-4383-b3f2-70de21890716,c3d57ea8-c3f6-40f9-95c2-018f61dda10c,Michael Chang,Live: Discussing Science Decoded with Chang,Interactive Q&A live broadcast with listeners.,2026-06-19 19:00:29,2026-06-19 19:15:29,2026-06-19 22:55:29,completed,0,2026-06-19 19:15:29
654a81a9-2b25-49dd-812e-0ab9988c79ee,5d634327-cef0-442e-862a-c61a6ebc8bcf,Dr. Ramesh Kumar,Live: Discussing Science Decoded with Rogers,Interactive Q&A live broadcast with listeners.,2026-06-19 19:00:50,2026-06-19 19:15:50,2026-06-19 22:32:50,live,23,2026-06-19 19:15:50
56c5490f-0b28-43b7-a91b-deb1cca31611,d1dc1e14-78c8-4055-b1bb-80e2182ac2b8,Aditya Reddy,Live: Discussing Science Decoded with Chang,Interactive Q&A live broadcast with listeners.,2026-06-19 19:01:32,2026-06-19 19:16:32,2026-06-19 22:55:32,completed,0,2026-06-19 19:16:32
f6bd9eb5-f1d8-4dfb-bd90-755774295cbe,7b3faafc-5a81-460c-aca5-0215d32f83ec,Kabir Sharma,Live: Discussing History Reimagined with Chang,Interactive Q&A live broadcast with listeners.,2026-06-19 19:01:38,2026-06-19 19:16:38,2026-06-19 22:00:38,scheduled,0,2026-06-19 19:16:38
b0397ccd-156d-4fd8-83ed-aac75fc770db,2da518b3-4189-4446-a5ba-4ad1b01ff225,Vikram Sen,Live: Discussing Laugh Track Live with Kumar,Interactive Q&A live broadcast with listeners.,2026-06-19 19:02:49,2026-06-19 19:17:49,2026-06-19 22:06:49,scheduled,0,2026-06-19 19:17:49
11ec583e-0b4b-41dd-b356-e757c3139f6e,17060e42-cd72-48a6-acc1-0877c25116b3,Vikram Sen,Live: Discussing History Reimagined with Kumar,Interactive Q&A live broadcast with listeners.,2026-06-19 19:03:51,2026-06-19 19:18:51,2026-06-19 20:06:51,live,75,2026-06-19 19:18:51
2fe8dacd-ca24-4c99-a474-773294bfbb88,a642ecb1-058c-4dfb-9443-703d72cdb07d,Vikram Sen,Live: Discussing Tech Bytes & Beats with Nair,Interactive Q&A live broadcast with listeners.,2026-06-19 19:04:24,2026-06-19 19:19:24,2026-06-19 23:00:24,completed,0,2026-06-19 19:19:24
49c2a0eb-fbbe-41bd-85a3-22e8b7f62150,0a582612-1924-4072-9dd1-767fbdbfc712,Vikram Sen,Live: Discussing Mindset Matters with Rogers,Interactive Q&A live broadcast with listeners.,2026-06-19 19:04:51,2026-06-19 19:19:51,2026-06-19 19:49:51,live,47,2026-06-19 19:19:51
d1286e4a-e30f-4ed2-af5c-bbe3dc0489cb,0603e240-431c-4df1-aba5-d71528aa5c47,Priya Nair,Live: Discussing Indie Creator Spotlight with Reddy,Interactive Q&A live broadcast with listeners.,2026-06-19 19:04:59,2026-06-19 19:19:59,2026-06-19 22:30:59,completed,0,2026-06-19 19:19:59
3a47419e-d04f-4c19-9ed8-264513108fde,840128f7-5cee-4ae4-a23e-b9fea30eff7c,Aditya Reddy,Live: Discussing Mindset Matters with Sen,Interactive Q&A live broadcast with listeners.,2026-06-19 19:06:06,2026-06-19 19:21:06,2026-06-19 22:32:06,live,56,2026-06-19 19:21:06
339564df-b6f5-4b2b-b04e-b29fbdef8d25,741b9202-2c8e-4e60-823c-7e0d14a60b2f,Aditya Reddy,Live: Discussing History Reimagined with Sen,Interactive Q&A live broadcast with listeners.,2026-06-19 19:06:24,2026-06-19 19:21:24,2026-06-19 21:27:24,live,62,2026-06-19 19:21:24
6ed5b7b3-12cd-4fa8-9c1a-ba85261c6559,840128f7-5cee-4ae4-a23e-b9fea30eff7c,Aditya Reddy,Live: Discussing Mindset Matters with Sen,Interactive Q&A live broadcast with listeners.,2026-06-19 19:06:39,2026-06-19 19:21:39,2026-06-19 21:35:39,live,67,2026-06-19 19:21:39
ebfa6844-21b8-4cb9-9c8a-ed55d033606b,33e649e6-68da-4a24-9722-292612f3f28d,Sarah Jenkins,Live: Discussing Mindset Matters with Chang,Interactive Q&A live broadcast with listeners.,2026-06-19 19:07:01,2026-06-19 19:22:01,2026-06-19 23:11:01,completed,0,2026-06-19 19:22:01
7fb82130-e933-4794-abd1-7a5b7a4ab2d3,7804eb8e-f757-4fe2-b574-6cf194c11c30,Priya Nair,Live: Discussing Laugh Track Live with Sharma,Interactive Q&A live broadcast with listeners.,2026-06-19 19:07:28,2026-06-19 19:22:28,2026-06-19 22:24:28,cancelled,0,2026-06-19 19:22:28
8d5595e7-d3a8-4b7d-bc71-25bd0287afc0,c49a1495-48f9-4a14-bb48-c05a21fbbcca,Samantha Rogers,Live: Discussing History Reimagined with Sen,Interactive Q&A live broadcast with listeners.,2026-06-19 19:08:01,2026-06-19 19:23:01,2026-06-19 21:44:01,cancelled,0,2026-06-19 19:23:01
018b542c-b0bb-41a2-bf5b-9e0c8809aa0d,4e17dfc3-f41f-4f52-ad70-b6164c7e2b2b,Aditya Reddy,Live: Discussing Laugh Track Live with Reddy,Interactive Q&A live broadcast with listeners.,2026-06-19 19:08:12,2026-06-19 19:23:12,2026-06-19 22:44:12,scheduled,0,2026-06-19 19:23:12
84bf7f89-e076-4709-9333-d10d460d67f1,cb72103b-b6b3-402e-9f25-48fde6b61e94,Sarah Jenkins,Live: Discussing The Daily Rhythm with Sharma,Interactive Q&A live broadcast with listeners.,2026-06-19 19:08:26,2026-06-19 19:23:26,2026-06-19 23:08:26,cancelled,0,2026-06-19 19:23:26
9ac17463-a9c0-403f-bf4a-57b181f5b129,c8613f09-cc8f-47a7-946a-a7855067310e,Michael Chang,Live: Discussing Echoes of Eternity with Reddy,Interactive Q&A live broadcast with listeners.,2026-06-19 19:09:47,2026-06-19 19:24:47,2026-06-19 22:01:47,cancelled,0,2026-06-19 19:24:47
8fbcc8a3-529d-49c6-b55a-f353467bd379,0969b1ae-a739-49de-ad1b-d95c6abc94a0,Vikram Sen,Live: Discussing Indie Creator Spotlight with Reddy,Interactive Q&A live broadcast with listeners.,2026-06-19 19:10:39,2026-06-19 19:25:39,2026-06-19 20:44:39,scheduled,0,2026-06-19 19:25:39
0b018854-208b-4fca-ab09-8dc4ee7c418e,c3d57ea8-c3f6-40f9-95c2-018f61dda10c,Michael Chang,Live: Discussing Science Decoded with Chang,Interactive Q&A live broadcast with listeners.,2026-06-19 19:11:05,2026-06-19 19:26:05,2026-06-19 19:36:05,live,6,2026-06-19 19:26:05
fa3568dd-a8da-4b9b-948c-c8374c5e2174,5932f0f8-8433-4918-9ca4-6add9751d669,Vikram Sen,Live: Discussing The Daily Rhythm with Rogers,Interactive Q&A live broadcast with listeners.,2026-06-19 19:11:14,2026-06-19 19:26:14,2026-06-19 20:05:14,live,73,2026-06-19 19:26:14
0843be0c-99c1-47ae-80c9-33b31f360499,79c60b89-b049-44af-866b-65d6f3c6e6d4,Kabir Sharma,Live: Discussing Indie Creator Spotlight with Sen,Interactive Q&A live broadcast with listeners.,2026-06-19 19:11:29,2026-06-19 19:26:29,2026-06-19 21:56:29,completed,0,2026-06-19 19:26:29
e6984341-cf5d-4a0c-8a01-564f2a594349,8fb7a948-1643-4ba1-b0c2-aa946f58c728,Priya Nair,Live: Discussing Mindset Matters with Nair,Interactive Q&A live broadcast with listeners.,2026-06-19 19:12:43,2026-06-19 19:27:43,2026-06-19 22:05:43,cancelled,0,2026-06-19 19:27:43
eddf91fc-81f3-4dfe-b946-330f48c35d58,4cbc247e-ba81-47e5-943a-443baa62162a,Sarah Jenkins,Live: Discussing History Reimagined with Nair,Interactive Q&A live broadcast with listeners.,2026-06-19 19:13:10,2026-06-19 19:28:10,2026-06-19 21:58:10,live,80,2026-06-19 19:28:10
fe6b89d7-0219-4826-993e-ba1013661787,88958818-1649-443f-bdcb-bf91f776490a,Samantha Rogers,Live: Discussing History Reimagined with Sen,Interactive Q&A live broadcast with listeners.,2026-06-19 19:13:42,2026-06-19 19:28:42,2026-06-19 22:05:42,cancelled,0,2026-06-19 19:28:42
ab8a978f-87e0-4c4a-9e19-5065774c9e4f,3b792455-59ca-408a-b78c-b54157b9c30c,Kabir Sharma,Live: Discussing Echoes of Eternity with Rogers,Interactive Q&A live broadcast with listeners.,2026-06-19 19:14:43,2026-06-19 19:29:43,2026-06-19 22:53:43,cancelled,0,2026-06-19 19:29:43
eeb998f6-ee90-4853-92dc-522dca026a4b,33e649e6-68da-4a24-9722-292612f3f28d,Sarah Jenkins,Live: Discussing Mindset Matters with Chang,Interactive Q&A live broadcast with listeners.,2026-06-19 19:14:57,2026-06-19 19:29:57,2026-06-19 22:07:57,cancelled,0,2026-06-19 19:29:57
55677431-bb77-4e28-9a6a-9de7fb41723e,6ccc191c-fbdf-471e-afbc-a5e949120190,Samantha Rogers,Live: Discussing History Reimagined with Sharma,Interactive Q&A live broadcast with listeners.,2026-06-19 19:15:10,2026-06-19 19:30:10,2026-06-19 20:10:10,scheduled,0,2026-06-19 19:30:10
1324f664-9b96-4661-ade3-353cac180d4b,c4483aaa-4105-45bd-8127-7786e86e02fe,Sarah Jenkins,Live: Discussing The Daily Rhythm with Nair,Interactive Q&A live broadcast with listeners.,2026-06-19 19:16:32,2026-06-19 19:31:32,2026-06-19 23:28:32,scheduled,0,2026-06-19 19:31:32
a5ec9aa8-090d-4ad0-8673-ab581871dabc,47326064-5811-4847-882d-276f9814084d,Dr. Ramesh Kumar,Live: Discussing Science Decoded with Jenkins,Interactive Q&A live broadcast with listeners.,2026-06-19 19:17:19,2026-06-19 19:32:19,2026-06-19 21:56:19,live,35,2026-06-19 19:32:19
3fb1093c-c374-4447-8208-87f579f71a30,76619fc3-e946-4a30-9ca3-971a57f2f68d,Kabir Sharma,Live: Discussing Indie Creator Spotlight with Reddy,Interactive Q&A live broadcast with listeners.,2026-06-19 19:17:39,2026-06-19 19:32:39,2026-06-19 20:47:39,scheduled,0,2026-06-19 19:32:39
e4f7e7dd-6540-4598-8cb2-e98b68473f85,0627f72f-3a6f-4122-833d-549637ce0a32,Samantha Rogers,Live: Discussing The Daily Rhythm with Rogers,Interactive Q&A live broadcast with listeners.,2026-06-19 19:19:12,2026-06-19 19:34:12,2026-06-19 22:40:12,live,25,2026-06-19 19:34:12
db08e7c5-2733-416c-ac58-5d8823546716,fe0d17aa-5818-4758-aef6-862657fed057,Priya Nair,Live: Discussing Tech Bytes & Beats with Sharma,Interactive Q&A live broadcast with listeners.,2026-06-19 19:19:18,2026-06-19 19:34:18,2026-06-19 21:24:18,scheduled,0,2026-06-19 19:34:18
94b723d2-f56f-43b7-9841-b7bd54a849c9,79c60b89-b049-44af-866b-65d6f3c6e6d4,Kabir Sharma,Live: Discussing Indie Creator Spotlight with Sen,Interactive Q&A live broadcast with listeners.,2026-06-19 19:19:57,2026-06-19 19:34:57,2026-06-19 20:20:57,live,41,2026-06-19 19:34:57
d07cad75-85cd-44bb-b634-148507a99005,47c9b1f9-8bf3-4044-b90e-70e6d40f5150,Vikram Sen,Live: Discussing Tech Bytes & Beats with Nair,Interactive Q&A live broadcast with listeners.,2026-06-19 19:21:11,2026-06-19 19:36:11,2026-06-19 19:47:11,cancelled,0,2026-06-19 19:36:11
6059dd3a-d454-4787-9116-a0939ba3bbe8,128e02f0-0870-4784-bc15-07ba0f6f3555,Samantha Rogers,Live: Discussing Echoes of Eternity with Rogers,Interactive Q&A live broadcast with listeners.,2026-06-19 19:21:17,2026-06-19 19:36:17,2026-06-19 20:27:17,cancelled,0,2026-06-19 19:36:17
83d3ad6b-8997-4194-8de7-a5509f1b76b7,74561401-0548-43a3-9267-51deb2a1ce93,Samantha Rogers,Live: Discussing Echoes of Eternity with Chang,Interactive Q&A live broadcast with listeners.,2026-06-19 19:21:24,2026-06-19 19:36:24,2026-06-19 22:16:24,completed,0,2026-06-19 19:36:24
3d7d2f4e-34aa-4f2c-a902-c826a5c5cb4d,028865c4-a093-4652-b875-db489f054503,Vikram Sen,Live: Discussing Echoes of Eternity with Chang,Interactive Q&A live broadcast with listeners.,2026-06-19 19:21:36,2026-06-19 19:36:36,2026-06-19 21:21:36,live,23,2026-06-19 19:36:36
efda4edb-65da-4f88-aa9b-4ce3a2e83e53,1b62b3ee-deb0-49e9-b7f5-367625794c24,Dr. Ramesh Kumar,Live: Discussing Mindset Matters with Kumar,Interactive Q&A live broadcast with listeners.,2026-06-19 19:24:36,2026-06-19 19:39:36,2026-06-19 22:11:36,scheduled,0,2026-06-19 19:39:36
b9ad3d3a-b77b-4537-b296-937712aef829,ff7d7aad-bbc8-4920-afa7-d86b74235a59,Sarah Jenkins,Live: Discussing Indie Creator Spotlight with Jenkins,Interactive Q&A live broadcast with listeners.,2026-06-19 19:25:16,2026-06-19 19:40:16,2026-06-19 21:12:16,scheduled,0,2026-06-19 19:40:16
d10cdbc1-6e7a-43ae-974f-c86a63fc31ba,9a72199d-3081-46f9-bf0e-44bef5945b1a,Vikram Sen,Live: Discussing Science Decoded with Sen,Interactive Q&A live broadcast with listeners.,2026-06-19 19:25:24,2026-06-19 19:40:24,2026-06-19 22:46:24,cancelled,0,2026-06-19 19:40:24
435b7047-dc6d-4858-b6bd-5d05b721cffa,5932f0f8-8433-4918-9ca4-6add9751d669,Vikram Sen,Live: Discussing The Daily Rhythm with Rogers,Interactive Q&A live broadcast with listeners.,2026-06-19 19:25:52,2026-06-19 19:40:52,2026-06-19 22:01:52,scheduled,0,2026-06-19 19:40:52
13ffdc71-917e-4d7e-891e-5692f0713684,c4b6e76f-46a2-4815-80f8-da181553bce5,Vikram Sen,Live: Discussing Science Decoded with Rogers,Interactive Q&A live broadcast with listeners.,2026-06-19 19:26:57,2026-06-19 19:41:57,2026-06-19 21:34:57,live,45,2026-06-19 19:41:57
0cf26103-bb69-46f4-8d2a-89a9a1df54b6,44179d37-d6b6-4bad-a6fa-ce487cc85ee9,Samantha Rogers,Live: Discussing Tech Bytes & Beats with Sharma,Interactive Q&A live broadcast with listeners.,2026-06-19 19:27:38,2026-06-19 19:42:38,2026-06-19 22:01:38,live,29,2026-06-19 19:42:38
c8a0640f-24a9-42ac-9ec8-db70f517771b,8934e4aa-8c49-47f7-9cbf-cfcf6d5221c8,Michael Chang,Live: Discussing Echoes of Eternity with Reddy,Interactive Q&A live broadcast with listeners.,2026-06-19 19:28:16,2026-06-19 19:43:16,2026-06-19 20:07:16,cancelled,0,2026-06-19 19:43:16
60edd0cb-8203-48d2-8f9f-0aec2df89dcc,6f11a8e9-333a-4426-a563-4fd0d048c009,Samantha Rogers,Live: Discussing Indie Creator Spotlight with Sharma,Interactive Q&A live broadcast with listeners.,2026-06-19 19:28:28,2026-06-19 19:43:28,2026-06-19 20:54:28,scheduled,0,2026-06-19 19:43:28
9dac1fb3-b86e-41ff-9251-558d83dd4f27,48def8fc-0e5c-453b-84db-eb79687d74fa,Kabir Sharma,Live: Discussing Tech Bytes & Beats with Jenkins,Interactive Q&A live broadcast with listeners.,2026-06-19 19:28:48,2026-06-19 19:43:48,2026-06-19 20:49:48,scheduled,0,2026-06-19 19:43:48
2950b41a-edd0-494f-b412-c147af114728,b23a1b87-7d95-484c-80bb-613c035547c0,Aditya Reddy,Live: Discussing Echoes of Eternity with Rogers,Interactive Q&A live broadcast with listeners.,2026-06-19 19:29:50,2026-06-19 19:44:50,2026-06-19 21:20:50,live,67,2026-06-19 19:44:50
ffa46372-57b2-49fd-b6be-84da591a25f6,47c9b1f9-8bf3-4044-b90e-70e6d40f5150,Vikram Sen,Live: Discussing Tech Bytes & Beats with Nair,Interactive Q&A live broadcast with listeners.,2026-06-19 19:30:01,2026-06-19 19:45:01,2026-06-19 21:19:01,cancelled,0,2026-06-19 19:45:01
55b880fe-2e3d-4ca3-ad83-a35a63e3891d,9a72199d-3081-46f9-bf0e-44bef5945b1a,Vikram Sen,Live: Discussing Science Decoded with Sen,Interactive Q&A live broadcast with listeners.,2026-06-19 19:30:34,2026-06-19 19:45:34,2026-06-19 22:26:34,completed,0,2026-06-19 19:45:34
a6268d07-ea32-44f2-b634-10fff0995e6d,23b606d5-1c20-4db5-a7d3-396ed2171821,Priya Nair,Live: Discussing Tech Bytes & Beats with Jenkins,Interactive Q&A live broadcast with listeners.,2026-06-19 19:33:05,2026-06-19 19:48:05,2026-06-19 22:24:05,completed,0,2026-06-19 19:48:05
31083900-6d51-4896-a077-6f22f8cbb8db,5081dea1-efb0-40f1-91a3-c460665ee75a,Dr. Ramesh Kumar,Live: Discussing Tech Bytes & Beats with Reddy,Interactive Q&A live broadcast with listeners.,2026-06-19 19:33:12,2026-06-19 19:48:12,2026-06-19 21:01:12,scheduled,0,2026-06-19 19:48:12
9ee7def8-716d-4e83-8e60-cc66d1829242,59e28037-0e2e-405e-846d-66965e98f41b,Michael Chang,Live: Discussing Laugh Track Live with Reddy,Interactive Q&A live broadcast with listeners.,2026-06-19 19:33:33,2026-06-19 19:48:33,2026-06-19 20:34:33,live,9,2026-06-19 19:48:33
d74862ad-0a79-43bb-9cc2-67f73612fdc3,e0b88463-967a-4892-8c24-04921993c940,Dr. Ramesh Kumar,Live: Discussing Laugh Track Live with Sharma,Interactive Q&A live broadcast with listeners.,2026-06-19 19:34:24,2026-06-19 19:49:24,2026-06-19 21:56:24,live,76,2026-06-19 19:49:24
7b54d133-2ff9-43f9-ba03-8e889f79215a,c2f6c72d-2156-4087-8007-6674c57e6776,Sarah Jenkins,Live: Discussing The Daily Rhythm with Sen,Interactive Q&A live broadcast with listeners.,2026-06-19 19:34:31,2026-06-19 19:49:31,2026-06-19 22:23:31,cancelled,0,2026-06-19 19:49:31
83eb5c49-601b-4f30-a0f6-81e981174db0,b7d0d39e-3b62-4c5c-85ce-7b247e765d55,Aditya Reddy,Live: Discussing Mindset Matters with Chang,Interactive Q&A live broadcast with listeners.,2026-06-19 19:34:37,2026-06-19 19:49:37,2026-06-19 20:16:37,scheduled,0,2026-06-19 19:49:37
ff83b473-4b7f-4746-b01c-7b5f4bcac947,cfd6463b-b348-42ff-b0aa-59ffec47c77b,Dr. Ramesh Kumar,Live: Discussing Tech Bytes & Beats with Kumar,Interactive Q&A live broadcast with listeners.,2026-06-19 19:34:57,2026-06-19 19:49:57,2026-06-19 23:25:57,live,70,2026-06-19 19:49:57
9f825a17-1177-4cbc-9828-d4f941ebde09,09b1527a-66e8-451a-a98c-dbd78919cc30,Priya Nair,Live: Discussing Indie Creator Spotlight with Sharma,Interactive Q&A live broadcast with listeners.,2026-06-19 19:35:37,2026-06-19 19:50:37,2026-06-19 22:26:37,scheduled,0,2026-06-19 19:50:37
e56b071b-247b-4dfe-94e9-9452c0cee9cf,43b54ee0-9ea2-4d48-809a-e6837bfe70d6,Aditya Reddy,Live: Discussing History Reimagined with Sen,Interactive Q&A live broadcast with listeners.,2026-06-19 19:36:43,2026-06-19 19:51:43,2026-06-19 22:09:43,cancelled,0,2026-06-19 19:51:43
8768cd87-6062-4936-aa2b-40bf53be7a3c,3466e16f-babd-4a0b-845a-a9bf15932bd1,Priya Nair,Live: Discussing Tech Bytes & Beats with Chang,Interactive Q&A live broadcast with listeners.,2026-06-19 19:37:46,2026-06-19 19:52:46,2026-06-19 22:17:46,completed,0,2026-06-19 19:52:46
7917bd0f-9fd2-4e75-b96e-a3186277b2f7,ea89dcbf-770b-4634-99bd-24e9af31337e,Michael Chang,Live: Discussing Indie Creator Spotlight with Nair,Interactive Q&A live broadcast with listeners.,2026-06-19 19:38:13,2026-06-19 19:53:13,2026-06-19 20:32:13,cancelled,0,2026-06-19 19:53:13
1fd534fe-ce16-4c1f-ba44-765f74a38c15,028865c4-a093-4652-b875-db489f054503,Vikram Sen,Live: Discussing Echoes of Eternity with Chang,Interactive Q&A live broadcast with listeners.,2026-06-19 19:38:19,2026-06-19 19:53:19,2026-06-19 20:46:19,cancelled,0,2026-06-19 19:53:19
cc68c8d7-c066-41b2-9c2a-580f6e1a1c9b,2da518b3-4189-4446-a5ba-4ad1b01ff225,Vikram Sen,Live: Discussing Laugh Track Live with Kumar,Interactive Q&A live broadcast with listeners.,2026-06-19 19:38:44,2026-06-19 19:53:44,2026-06-19 23:23:44,cancelled,0,2026-06-19 19:53:44
de358e30-e1a0-49d5-9d48-c24d23df6b4d,7591bbf4-4c7d-43b9-a227-5962a6ba2110,Michael Chang,Live: Discussing History Reimagined with Rogers,Interactive Q&A live broadcast with listeners.,2026-06-19 19:39:03,2026-06-19 19:54:03,2026-06-19 21:29:03,scheduled,0,2026-06-19 19:54:03
a0c9e009-3b61-4d16-866d-180581725beb,1b62b3ee-deb0-49e9-b7f5-367625794c24,Dr. Ramesh Kumar,Live: Discussing Mindset Matters with Kumar,Interactive Q&A live broadcast with listeners.,2026-06-19 19:39:24,2026-06-19 19:54:24,2026-06-19 20:43:24,live,53,2026-06-19 19:54:24
a5fe24d7-a585-47fa-89a0-d8565454f2c2,d7496674-8974-408e-90d0-1eff083fc312,Sarah Jenkins,Live: Discussing Laugh Track Live with Reddy,Interactive Q&A live broadcast with listeners.,2026-06-19 19:39:43,2026-06-19 19:54:43,2026-06-19 23:18:43,completed,0,2026-06-19 19:54:43
e9bda4af-d7f4-41e4-a853-da8ffe825f4d,d64c9607-c362-4257-805c-4013390d2cf5,Sarah Jenkins,Live: Discussing Science Decoded with Rogers,Interactive Q&A live broadcast with listeners.,2026-06-19 19:39:57,2026-06-19 19:54:57,2026-06-19 23:40:57,scheduled,0,2026-06-19 19:54:57
816dd655-64e7-4322-ad8f-48bc0ffea05a,fb9fc55d-9013-4c75-b46b-efea54182bda,Priya Nair,Live: Discussing Mindset Matters with Chang,Interactive Q&A live broadcast with listeners.,2026-06-19 19:40:39,2026-06-19 19:55:39,2026-06-19 21:09:39,completed,0,2026-06-19 19:55:39
236befb8-eed7-4fec-af1f-8625dc58da9d,1e3863a1-0f68-4a8f-bc09-de59d927ab8e,Sarah Jenkins,Live: Discussing The Daily Rhythm with Rogers,Interactive Q&A live broadcast with listeners.,2026-06-19 19:40:45,2026-06-19 19:55:45,2026-06-19 21:33:45,live,55,2026-06-19 19:55:45
064a1bd0-be35-4c41-b3ad-ae5523d4f672,232a8889-0e15-40f0-8ad2-1bdba64abf18,Dr. Ramesh Kumar,Live: Discussing Laugh Track Live with Sharma,Interactive Q&A live broadcast with listeners.,2026-06-19 19:41:23,2026-06-19 19:56:23,2026-06-19 23:03:23,live,19,2026-06-19 19:56:23
bb586ec4-049a-4159-aff0-58655d16fed3,44179d37-d6b6-4bad-a6fa-ce487cc85ee9,Samantha Rogers,Live: Discussing Tech Bytes & Beats with Sharma,Interactive Q&A live broadcast with listeners.,2026-06-19 19:41:49,2026-06-19 19:56:49,2026-06-19 20:55:49,cancelled,0,2026-06-19 19:56:49
e63e60a4-fb5a-42c1-a0f6-28bca7c1226b,929db359-0b9c-4dcd-b2d4-a9edc08d1ca9,Dr. Ramesh Kumar,Live: Discussing Mindset Matters with Kumar,Interactive Q&A live broadcast with listeners.,2026-06-19 19:41:55,2026-06-19 19:56:55,2026-06-19 23:22:55,completed,0,2026-06-19 19:56:55
3a923e94-6781-4d93-8c6c-b24e0d082bf5,2c316e7b-5520-430b-9b05-22bec5e0b0f0,Vikram Sen,Live: Discussing Tech Bytes & Beats with Reddy,Interactive Q&A live broadcast with listeners.,2026-06-19 19:42:38,2026-06-19 19:57:38,2026-06-19 23:08:38,scheduled,0,2026-06-19 19:57:38
092f9321-77f5-4829-a59d-5e9820aa0dd1,47326064-5811-4847-882d-276f9814084d,Dr. Ramesh Kumar,Live: Discussing Science Decoded with Jenkins,Interactive Q&A live broadcast with listeners.,2026-06-19 19:44:21,2026-06-19 19:59:21,2026-06-19 23:46:21,cancelled,0,2026-06-19 19:59:21
42d95706-7335-445a-9e6a-9bce47f3cd94,7fec193a-fa22-4e00-9fdd-14fc282cd82a,Samantha Rogers,Live: Discussing History Reimagined with Kumar,Interactive Q&A live broadcast with listeners.,2026-06-19 19:44:36,2026-06-19 19:59:36,2026-06-19 21:53:36,scheduled,0,2026-06-19 19:59:36
63667c72-852d-47f5-b1a9-90fe10d54f14,4b6ed9b3-e3e1-4361-b373-6d76be268673,Michael Chang,Live: Discussing Mindset Matters with Reddy,Interactive Q&A live broadcast with listeners.,2026-06-19 19:44:43,2026-06-19 19:59:43,2026-06-19 20:14:43,live,12,2026-06-19 19:59:43
4532c6a7-60a9-423d-accc-ece27610b8ac,8fb7a948-1643-4ba1-b0c2-aa946f58c728,Priya Nair,Live: Discussing Mindset Matters with Nair,Interactive Q&A live broadcast with listeners.,2026-06-19 19:45:16,2026-06-19 20:00:16,2026-06-19 23:11:16,live,21,2026-06-19 20:00:16
d94ecc76-4a2d-46f0-8c4c-812f00ba7b29,8f7404a8-9059-4f76-94f5-3d94eecf7d66,Priya Nair,Live: Discussing Science Decoded with Nair,Interactive Q&A live broadcast with listeners.,2026-06-19 19:45:39,2026-06-19 20:00:39,2026-06-19 22:14:39,completed,0,2026-06-19 20:00:39
f1b97322-20b1-4a6a-b3e1-6c3f00305121,31865875-3a22-4f5a-83a7-e2aba7e9f645,Sarah Jenkins,Live: Discussing Laugh Track Live with Rogers,Interactive Q&A live broadcast with listeners.,2026-06-19 19:46:14,2026-06-19 20:01:14,2026-06-19 20:21:14,completed,0,2026-06-19 20:01:14
a04ced22-b4a3-4e58-be95-0df0bcce9c5b,e0b88463-967a-4892-8c24-04921993c940,Dr. Ramesh Kumar,Live: Discussing Laugh Track Live with Sharma,Interactive Q&A live broadcast with listeners.,2026-06-19 19:47:29,2026-06-19 20:02:29,2026-06-19 23:52:29,cancelled,0,2026-06-19 20:02:29
b0bc523e-1280-4f7a-9dba-db2533664a6f,960c8688-1a82-4f2b-9fcc-bc6a13c6da25,Vikram Sen,Live: Discussing Laugh Track Live with Nair,Interactive Q&A live broadcast with listeners.,2026-06-19 19:47:49,2026-06-19 20:02:49,2026-06-19 21:41:49,cancelled,0,2026-06-19 20:02:49
d0cbe03a-6368-4bf2-8847-d153b60975f7,76619fc3-e946-4a30-9ca3-971a57f2f68d,Kabir Sharma,Live: Discussing Indie Creator Spotlight with Reddy,Interactive Q&A live broadcast with listeners.,2026-06-19 19:48:29,2026-06-19 20:03:29,2026-06-19 21:24:29,completed,0,2026-06-19 20:03:29
d4c8e0a8-5365-4331-bbcb-8e6f658e7620,7f35ca55-5c5d-4e17-afa1-63067cc7efba,Vikram Sen,Live: Discussing Science Decoded with Chang,Interactive Q&A live broadcast with listeners.,2026-06-19 19:48:43,2026-06-19 20:03:43,2026-06-19 21:29:43,scheduled,0,2026-06-19 20:03:43
da56660c-52b1-4e6f-a6dd-22810ab3c025,cf065454-dd69-4fee-a0c9-2ca17fac6bf5,Aditya Reddy,Live: Discussing Echoes of Eternity with Chang,Interactive Q&A live broadcast with listeners.,2026-06-19 19:49:13,2026-06-19 20:04:13,2026-06-19 22:41:13,completed,0,2026-06-19 20:04:13
0669481f-5fe8-44c4-b08f-a9001de048df,929db359-0b9c-4dcd-b2d4-a9edc08d1ca9,Dr. Ramesh Kumar,Live: Discussing Mindset Matters with Kumar,Interactive Q&A live broadcast with listeners.,2026-06-19 19:50:28,2026-06-19 20:05:28,2026-06-19 22:14:28,scheduled,0,2026-06-19 20:05:28
08f07897-f268-4697-bf02-6a3e16f05d38,f29c7e3a-b2e5-4fb1-adea-345ad96a85f9,Dr. Ramesh Kumar,Live: Discussing Laugh Track Live with Kumar,Interactive Q&A live broadcast with listeners.,2026-06-19 19:50:35,2026-06-19 20:05:35,2026-06-19 20:42:35,live,66,2026-06-19 20:05:35
4593ab8b-7c1a-4e34-9e04-76989d762471,924f3767-a7a6-452d-97b3-5048f83ade78,Michael Chang,Live: Discussing The Daily Rhythm with Reddy,Interactive Q&A live broadcast with listeners.,2026-06-19 19:51:17,2026-06-19 20:06:17,2026-06-19 21:12:17,live,72,2026-06-19 20:06:17
1295118e-8625-414a-ac7d-40ee7209d68b,23b606d5-1c20-4db5-a7d3-396ed2171821,Priya Nair,Live: Discussing Tech Bytes & Beats with Jenkins,Interactive Q&A live broadcast with listeners.,2026-06-19 19:51:30,2026-06-19 20:06:30,2026-06-19 23:58:30,live,65,2026-06-19 20:06:30
6b750a23-f5d5-4169-9d8c-f21eaf2d8d84,6078b0b5-1aae-4b2d-9c16-9fec47a85ab9,Priya Nair,Live: Discussing The Daily Rhythm with Kumar,Interactive Q&A live broadcast with listeners.,2026-06-19 19:52:12,2026-06-19 20:07:12,2026-06-19 22:03:12,cancelled,0,2026-06-19 20:07:12
b039afba-cb6a-4e86-8a67-ec34a5666ed4,b9b8d353-bdc0-4624-a6b3-58e13a29ee85,Kabir Sharma,Live: Discussing The Daily Rhythm with Jenkins,Interactive Q&A live broadcast with listeners.,2026-06-19 19:52:19,2026-06-19 20:07:19,2026-06-19 22:35:19,completed,0,2026-06-19 20:07:19
ba39e53d-7d81-46fd-b211-16cd150def32,840128f7-5cee-4ae4-a23e-b9fea30eff7c,Aditya Reddy,Live: Discussing Mindset Matters with Sen,Interactive Q&A live broadcast with listeners.,2026-06-19 19:52:43,2026-06-19 20:07:43,2026-06-19 23:45:43,cancelled,0,2026-06-19 20:07:43
2868fc9c-68d9-47fe-b859-f919591f5738,2ec1e29e-603f-4c39-bf23-ca40acb33ba7,Priya Nair,Live: Discussing Science Decoded with Chang,Interactive Q&A live broadcast with listeners.,2026-06-19 19:53:41,2026-06-19 20:08:41,2026-06-19 23:59:41,scheduled,0,2026-06-19 20:08:41
9e74ed11-3e2c-4196-98d7-aa3127a1305f,e9da2df5-bcd5-4da9-befd-497235f24fbf,Michael Chang,Live: Discussing Laugh Track Live with Sen,Interactive Q&A live broadcast with listeners.,2026-06-19 22:18:03,2026-06-19 22:33:03,2026-06-20 01:10:03,live,59,2026-06-19 22:33:03
e9e66309-9915-4e7a-aa1f-08508afbf22a,dfc84d23-e25e-46d7-a40f-4e5214693f22,Samantha Rogers,Live: Discussing History Reimagined with Sharma,Interactive Q&A live broadcast with listeners.,2026-06-19 22:20:15,2026-06-19 22:35:15,2026-06-19 22:51:15,completed,0,2026-06-19 22:35:15
d8c0f051-8596-426c-a535-666684cf1437,eeb2559a-c1eb-4ad9-8cc0-0c4d82e0ef56,Priya Nair,Live: Discussing History Reimagined with Rogers,Interactive Q&A live broadcast with listeners.,2026-06-19 22:42:24,2026-06-19 22:57:24,2026-06-20 00:57:24,completed,0,2026-06-19 22:57:24
