id,channel_id,show_name,description,scheduled_start,scheduled_end,actual_start,actual_end,status
a8bbd773-e447-465d-8941-f810de3c48e0,8da9c2a7-f1e8-4749-86fe-a92bcd514d00,Morning Beats with Jenkins,Catch the latest trends and tracks live on Morning Beats with Jenkins.,2026-06-19 14:53:48,2026-06-19 15:53:48,2026-06-19 14:53:48,2026-06-19 15:20:48,live
b5cf03bb-e20c-4efa-b2af-070e8283c790,b6d9135f-080d-474d-bb83-295846af0761,Morning Beats with Sen,Catch the latest trends and tracks live on Morning Beats with Sen.,2026-06-19 14:55:02,2026-06-19 15:55:02,2026-06-19 14:55:02,2026-06-19 14:55:02,completed
a054cc4c-a524-4bb6-a66f-244370a162c4,bc344722-9e85-4835-99b7-a7962d0e6400,Rock Block with Nair,Catch the latest trends and tracks live on Rock Block with Nair.,2026-06-19 14:56:30,2026-06-19 15:56:30,2026-06-19 15:01:30,2026-06-19 15:31:30,scheduled
e45f08ac-ddd3-47dc-8bb3-84ffd597008f,b6d9135f-080d-474d-bb83-295846af0761,Retro Rewind with Sen,Catch the latest trends and tracks live on Retro Rewind with Sen.,2026-06-19 14:57:42,2026-06-19 15:57:42,2026-06-19 15:09:42,2026-06-19 17:58:42,scheduled
a97ee514-dce1-4774-b54c-704ada9624e6,a322f0f9-8607-48f1-bcca-0bacc98dcb86,Morning Beats with Sharma,Catch the latest trends and tracks live on Morning Beats with Sharma.,2026-06-19 15:00:21,2026-06-19 16:00:21,2026-06-19 15:00:21,2026-06-19 15:20:21,live
25d1bc3d-3fad-4d80-8794-31f317994ffc,cfe14b5d-c7af-459d-9743-c57855cdfd0f,Chai & Talk with Nair,Catch the latest trends and tracks live on Chai & Talk with Nair.,2026-06-19 15:00:32,2026-06-19 16:00:32,2026-06-19 15:09:32,2026-06-19 18:38:32,cancelled
47b2bca3-614c-4d0a-b0db-33ead0d216ad,a322f0f9-8607-48f1-bcca-0bacc98dcb86,Morning Beats with Sharma,Catch the latest trends and tracks live on Morning Beats with Sharma.,2026-06-19 15:01:11,2026-06-19 16:01:11,2026-06-19 15:01:11,2026-06-19 17:16:11,live
814f4e7a-604c-4d0d-a418-87d9f723e613,9214ea69-5346-4039-b8d5-66dc941b9cc9,Retro Rewind with Reddy,Catch the latest trends and tracks live on Retro Rewind with Reddy.,2026-06-19 15:01:48,2026-06-19 16:01:48,2026-06-19 15:01:48,2026-06-19 15:01:48,completed
0ea266e7-e2e4-435c-9e6d-64e1cb207acd,c29bf6d4-e07d-413e-be13-6500f75239a0,Rock Block with Reddy,Catch the latest trends and tracks live on Rock Block with Reddy.,2026-06-19 15:03:01,2026-06-19 16:03:01,2026-06-19 15:03:01,2026-06-19 16:32:01,live
b002d609-4733-4043-8b75-4eec16eca7a0,0a51b4b9-a46e-4035-956a-9e08179a526f,Midnight Melodies with Chang,Catch the latest trends and tracks live on Midnight Melodies with Chang.,2026-06-19 15:03:29,2026-06-19 16:03:29,2026-06-19 15:03:29,2026-06-19 15:03:29,completed
9d699f82-1758-4c1f-a66c-a1155fe8db44,cfd04dcc-92a9-42af-afd8-41241cb33d2a,Rock Block with Jenkins,Catch the latest trends and tracks live on Rock Block with Jenkins.,2026-06-19 15:03:37,2026-06-19 16:03:37,2026-06-19 15:03:37,2026-06-19 15:28:37,live
996c2e32-df69-406e-a3d8-614ef0d0a7be,540068dc-1f5e-4ed2-8022-993cfe8283ed,Rock Block with Reddy,Catch the latest trends and tracks live on Rock Block with Reddy.,2026-06-19 15:04:43,2026-06-19 16:04:43,2026-06-19 15:09:43,2026-06-19 17:02:43,cancelled
279a6bca-994c-4042-b552-6cc1b0eab542,b5efcef6-37ad-46a9-9f00-d04628e7c040,Morning Beats with Rogers,Catch the latest trends and tracks live on Morning Beats with Rogers.,2026-06-19 15:05:18,2026-06-19 16:05:18,2026-06-19 15:05:18,2026-06-19 17:56:18,live
1bdb408e-2da6-4fc6-9355-ab8e8c1757c1,b6d9135f-080d-474d-bb83-295846af0761,Retro Rewind with Sen,Catch the latest trends and tracks live on Retro Rewind with Sen.,2026-06-19 15:05:31,2026-06-19 16:05:31,2026-06-19 15:05:31,2026-06-19 15:05:31,completed
afaa4ed5-7dc8-4afd-8a40-12d1b67c499e,50e43f20-3ba1-44a1-b10d-89f192cc9ec3,Retro Rewind with Sen,Catch the latest trends and tracks live on Retro Rewind with Sen.,2026-06-19 15:05:54,2026-06-19 16:05:54,2026-06-19 15:01:54,2026-06-19 18:03:54,cancelled
ed1ce387-16e1-4b90-9926-63031712755d,540068dc-1f5e-4ed2-8022-993cfe8283ed,Rock Block with Reddy,Catch the latest trends and tracks live on Rock Block with Reddy.,2026-06-19 15:06:11,2026-06-19 16:06:11,2026-06-19 15:06:11,2026-06-19 18:26:11,live
1f6f9ec2-a12d-4e14-9f3b-48f0a16f6e9d,c29bf6d4-e07d-413e-be13-6500f75239a0,Chai & Talk with Reddy,Catch the latest trends and tracks live on Chai & Talk with Reddy.,2026-06-19 15:06:22,2026-06-19 16:06:22,2026-06-19 15:06:22,2026-06-19 18:44:22,live
367adcc2-a540-4a3e-aa3d-cde7dc2c91e1,d5e4a7a3-bf44-4487-abdc-0110774c879f,Chai & Talk with Sen,Catch the latest trends and tracks live on Chai & Talk with Sen.,2026-06-19 15:09:41,2026-06-19 16:09:41,2026-06-19 15:09:41,2026-06-19 17:51:41,live
fae37f2a-b3c9-48c4-b93a-0489ac54ff3f,15d7e124-eb7e-4318-b0e5-f4d52d7fd766,Midnight Melodies with Rogers,Catch the latest trends and tracks live on Midnight Melodies with Rogers.,2026-06-19 15:10:56,2026-06-19 16:10:56,2026-06-19 15:10:56,2026-06-19 15:10:56,completed
2749663c-4ec2-490f-a1fe-d1ff207f0e18,15d7e124-eb7e-4318-b0e5-f4d52d7fd766,Retro Rewind with Rogers,Catch the latest trends and tracks live on Retro Rewind with Rogers.,2026-06-19 15:11:38,2026-06-19 16:11:38,2026-06-19 15:11:38,2026-06-19 18:02:38,live
3f68d785-b4f3-4ea3-9527-fbc01c577ba9,15d7e124-eb7e-4318-b0e5-f4d52d7fd766,Chai & Talk with Rogers,Catch the latest trends and tracks live on Chai & Talk with Rogers.,2026-06-19 15:12:59,2026-06-19 16:12:59,2026-06-19 15:16:59,2026-06-19 18:06:59,scheduled
b9e6f174-41e0-4f62-bc5a-442390cd1cd1,9214ea69-5346-4039-b8d5-66dc941b9cc9,Retro Rewind with Reddy,Catch the latest trends and tracks live on Retro Rewind with Reddy.,2026-06-19 15:13:08,2026-06-19 16:13:08,2026-06-19 15:11:08,2026-06-19 17:31:08,scheduled
e9aa9352-222f-449b-a976-90374d859a3e,bc344722-9e85-4835-99b7-a7962d0e6400,Rock Block with Nair,Catch the latest trends and tracks live on Rock Block with Nair.,2026-06-19 15:16:08,2026-06-19 16:16:08,2026-06-19 15:27:08,2026-06-19 17:09:08,scheduled
1af66ca3-f44a-4ad0-aa85-e3f96c09eb0c,0deab226-be9f-4544-8392-b5ec2b143bd5,Morning Beats with Reddy,Catch the latest trends and tracks live on Morning Beats with Reddy.,2026-06-19 15:16:20,2026-06-19 16:16:20,2026-06-19 15:16:20,2026-06-19 15:16:20,completed
bd94ca45-a22d-4fab-b629-8a523f396a77,bb2d84d4-b95d-47d1-9c38-d90c4fe6b5d7,Midnight Melodies with Nair,Catch the latest trends and tracks live on Midnight Melodies with Nair.,2026-06-19 15:17:46,2026-06-19 16:17:46,2026-06-19 15:17:46,2026-06-19 15:17:46,completed
5d20e76c-4e9d-445f-b2e1-a38b34cd3446,9214ea69-5346-4039-b8d5-66dc941b9cc9,Morning Beats with Reddy,Catch the latest trends and tracks live on Morning Beats with Reddy.,2026-06-19 15:18:26,2026-06-19 16:18:26,2026-06-19 15:27:26,2026-06-19 18:08:26,cancelled
4bc72f2d-9bb9-4653-b52b-665617a18968,0a51b4b9-a46e-4035-956a-9e08179a526f,Rock Block with Chang,Catch the latest trends and tracks live on Rock Block with Chang.,2026-06-19 15:20:10,2026-06-19 16:20:10,2026-06-19 15:20:10,2026-06-19 17:43:10,live
29a0f233-996e-4334-97df-05c0cb830d70,f2039843-c341-4405-8675-3fa44cd2eb1c,Midnight Melodies with Kumar,Catch the latest trends and tracks live on Midnight Melodies with Kumar.,2026-06-19 15:20:20,2026-06-19 16:20:20,2026-06-19 15:21:20,2026-06-19 15:47:20,scheduled
53b1dc92-66be-455e-8c6b-ba7896156f15,a3e02469-4bb3-45ff-a0c6-bb8b44bcd11a,Midnight Melodies with Sen,Catch the latest trends and tracks live on Midnight Melodies with Sen.,2026-06-19 15:20:44,2026-06-19 16:20:44,2026-06-19 15:27:44,2026-06-19 16:01:44,scheduled
b7840a0a-922a-4e1a-a35c-3951870430d4,037d5eda-3735-4ccb-95a0-3f9e155113f4,Retro Rewind with Kumar,Catch the latest trends and tracks live on Retro Rewind with Kumar.,2026-06-19 15:21:26,2026-06-19 16:21:26,2026-06-19 15:21:26,2026-06-19 18:35:26,live
62ee5e88-b05f-4a6b-823b-f8f87e7c5e8f,6e772df0-c8d3-4436-a06c-7951d5256ac7,Midnight Melodies with Sen,Catch the latest trends and tracks live on Midnight Melodies with Sen.,2026-06-19 15:22:00,2026-06-19 16:22:00,2026-06-19 15:22:00,2026-06-19 15:22:00,completed
1c26900b-5e9f-4353-9365-8757fcd75a01,0deab226-be9f-4544-8392-b5ec2b143bd5,Retro Rewind with Reddy,Catch the latest trends and tracks live on Retro Rewind with Reddy.,2026-06-19 15:23:24,2026-06-19 16:23:24,2026-06-19 15:34:24,2026-06-19 15:44:24,scheduled
b4632a10-5307-4864-a90e-925bfc18b9d7,c29bf6d4-e07d-413e-be13-6500f75239a0,Chai & Talk with Reddy,Catch the latest trends and tracks live on Chai & Talk with Reddy.,2026-06-19 15:25:17,2026-06-19 16:25:17,2026-06-19 15:25:17,2026-06-19 17:03:17,live
d2f471bc-124b-49f9-ad99-021a7da5a983,d7e38b7d-0c4b-4106-9e58-08abdb0c0809,Rock Block with Sen,Catch the latest trends and tracks live on Rock Block with Sen.,2026-06-19 15:26:36,2026-06-19 16:26:36,2026-06-19 15:38:36,2026-06-19 18:18:36,scheduled
44376f16-5fb3-42d2-b344-f54e953bcd4c,0a51b4b9-a46e-4035-956a-9e08179a526f,Retro Rewind with Chang,Catch the latest trends and tracks live on Retro Rewind with Chang.,2026-06-19 15:27:25,2026-06-19 16:27:25,2026-06-19 15:36:25,2026-06-19 18:21:25,cancelled
3e5afee8-c394-4223-8da1-d93c770fc6b0,d5e4a7a3-bf44-4487-abdc-0110774c879f,Retro Rewind with Sen,Catch the latest trends and tracks live on Retro Rewind with Sen.,2026-06-19 15:28:05,2026-06-19 16:28:05,2026-06-19 15:28:05,2026-06-19 15:28:05,completed
a8686807-3ee1-4f52-93a5-ac7259ef9a9a,037d5eda-3735-4ccb-95a0-3f9e155113f4,Rock Block with Kumar,Catch the latest trends and tracks live on Rock Block with Kumar.,2026-06-19 15:28:22,2026-06-19 16:28:22,2026-06-19 15:28:22,2026-06-19 15:28:22,completed
f97c2ab9-349d-4ebc-900d-52a76e4ae793,388edcc1-46cd-4a29-9265-f84cbbc37771,Rock Block with Jenkins,Catch the latest trends and tracks live on Rock Block with Jenkins.,2026-06-19 15:29:32,2026-06-19 16:29:32,2026-06-19 15:26:32,2026-06-19 16:44:32,cancelled
c6c35c17-3f49-4beb-ad7e-35a0b5bd8786,6e772df0-c8d3-4436-a06c-7951d5256ac7,Retro Rewind with Sen,Catch the latest trends and tracks live on Retro Rewind with Sen.,2026-06-19 15:29:59,2026-06-19 16:29:59,2026-06-19 15:29:59,2026-06-19 15:29:59,completed
9931d260-389e-45cd-94bd-e8975d0fb923,637d3ab2-1b90-4bb7-b4cc-384c1da936ed,Chai & Talk with Jenkins,Catch the latest trends and tracks live on Chai & Talk with Jenkins.,2026-06-19 15:30:18,2026-06-19 16:30:18,2026-06-19 15:30:18,2026-06-19 16:08:18,live
052e3f5c-7ca7-4972-baf6-b7bbf3872774,c29bf6d4-e07d-413e-be13-6500f75239a0,Midnight Melodies with Reddy,Catch the latest trends and tracks live on Midnight Melodies with Reddy.,2026-06-19 15:30:54,2026-06-19 16:30:54,2026-06-19 15:43:54,2026-06-19 16:40:54,scheduled
82770682-ab0e-41e8-8f7c-17232a2b7ffa,cb225c68-5270-4320-bf38-8a0e08120070,Rock Block with Sharma,Catch the latest trends and tracks live on Rock Block with Sharma.,2026-06-19 15:31:59,2026-06-19 16:31:59,2026-06-19 15:32:59,2026-06-19 17:57:59,scheduled
4567aaf4-faf7-42d8-b0ce-cf39d5c70374,bb2d84d4-b95d-47d1-9c38-d90c4fe6b5d7,Morning Beats with Nair,Catch the latest trends and tracks live on Morning Beats with Nair.,2026-06-19 15:32:20,2026-06-19 16:32:20,2026-06-19 15:35:20,2026-06-19 15:59:20,cancelled
8b47695c-56ff-4fb9-9f73-9231e1086179,cc9dc490-f3ad-4054-91ad-0b707b7c0de1,Midnight Melodies with Kumar,Catch the latest trends and tracks live on Midnight Melodies with Kumar.,2026-06-19 15:32:30,2026-06-19 16:32:30,2026-06-19 15:32:30,2026-06-19 17:42:30,live
9d5c84ad-95fc-4826-b30b-dafcbdb4e81d,8d02f3f6-ef18-493f-8e88-22bf721d8c41,Midnight Melodies with Nair,Catch the latest trends and tracks live on Midnight Melodies with Nair.,2026-06-19 15:32:38,2026-06-19 16:32:38,2026-06-19 15:42:38,2026-06-19 19:07:38,scheduled
c2459df2-8cdb-496c-94da-640bdc00f386,f2039843-c341-4405-8675-3fa44cd2eb1c,Midnight Melodies with Kumar,Catch the latest trends and tracks live on Midnight Melodies with Kumar.,2026-06-19 15:34:12,2026-06-19 16:34:12,2026-06-19 15:47:12,2026-06-19 17:08:12,cancelled
5df882d2-a217-44ae-b8fe-22d7318ca6af,1a8403b1-f50a-4c58-92d2-233e9c4884f2,Morning Beats with Chang,Catch the latest trends and tracks live on Morning Beats with Chang.,2026-06-19 15:34:31,2026-06-19 16:34:31,2026-06-19 15:34:31,2026-06-19 15:34:31,completed
857d76ce-4f2d-4517-a042-0aaf2f897dc4,b5efcef6-37ad-46a9-9f00-d04628e7c040,Chai & Talk with Rogers,Catch the latest trends and tracks live on Chai & Talk with Rogers.,2026-06-19 15:35:17,2026-06-19 16:35:17,2026-06-19 15:38:17,2026-06-19 19:11:17,scheduled
347a9b18-a3b7-45e9-9c40-6671e2a98f1c,037d5eda-3735-4ccb-95a0-3f9e155113f4,Retro Rewind with Kumar,Catch the latest trends and tracks live on Retro Rewind with Kumar.,2026-06-19 15:35:48,2026-06-19 16:35:48,2026-06-19 15:47:48,2026-06-19 17:28:48,scheduled
067bc225-3abd-4c5a-81f4-b0c5e5c32a39,ac43b5ee-014f-42d0-ab6a-c75271957e49,Morning Beats with Sharma,Catch the latest trends and tracks live on Morning Beats with Sharma.,2026-06-19 15:36:42,2026-06-19 16:36:42,2026-06-19 15:36:42,2026-06-19 18:20:42,live
4e6ef397-4c60-46e8-bacc-884d3167be91,cfe14b5d-c7af-459d-9743-c57855cdfd0f,Rock Block with Nair,Catch the latest trends and tracks live on Rock Block with Nair.,2026-06-19 15:37:00,2026-06-19 16:37:00,2026-06-19 15:37:00,2026-06-19 15:48:00,live
0c1f0278-b517-480a-8105-cdd4ffa654d0,530dd308-5db1-47f2-a8a4-6e9af8473f93,Rock Block with Chang,Catch the latest trends and tracks live on Rock Block with Chang.,2026-06-19 15:37:11,2026-06-19 16:37:11,2026-06-19 15:49:11,2026-06-19 17:12:11,cancelled
900475b4-32c1-427b-991f-a4d69d4cf86a,e50f55af-1bce-4de7-932e-02b53b1e2047,Rock Block with Kumar,Catch the latest trends and tracks live on Rock Block with Kumar.,2026-06-19 15:37:52,2026-06-19 16:37:52,2026-06-19 15:43:52,2026-06-19 16:19:52,cancelled
f07160be-bf83-4bd6-8a78-1f7d8717721b,0deab226-be9f-4544-8392-b5ec2b143bd5,Midnight Melodies with Reddy,Catch the latest trends and tracks live on Midnight Melodies with Reddy.,2026-06-19 15:38:22,2026-06-19 16:38:22,2026-06-19 15:38:22,2026-06-19 15:38:22,completed
4b3b5616-140c-4855-ae12-ad25d12bb026,9214ea69-5346-4039-b8d5-66dc941b9cc9,Morning Beats with Reddy,Catch the latest trends and tracks live on Morning Beats with Reddy.,2026-06-19 15:38:32,2026-06-19 16:38:32,2026-06-19 15:52:32,2026-06-19 17:12:32,cancelled
520a4fe1-98ba-444b-af6a-ae730fe25c08,2d35ac12-d07e-4b7b-a61a-ad371241bc5e,Retro Rewind with Jenkins,Catch the latest trends and tracks live on Retro Rewind with Jenkins.,2026-06-19 15:38:48,2026-06-19 16:38:48,2026-06-19 15:37:48,2026-06-19 15:50:48,cancelled
88abf5d2-f569-45e9-9d60-a71c154f3d2a,b5efcef6-37ad-46a9-9f00-d04628e7c040,Chai & Talk with Rogers,Catch the latest trends and tracks live on Chai & Talk with Rogers.,2026-06-19 15:43:13,2026-06-19 16:43:13,2026-06-19 15:43:13,2026-06-19 15:43:13,completed
2cd54ff3-6d34-488d-a3b4-d46a835e161d,cfe14b5d-c7af-459d-9743-c57855cdfd0f,Retro Rewind with Nair,Catch the latest trends and tracks live on Retro Rewind with Nair.,2026-06-19 15:43:37,2026-06-19 16:43:37,2026-06-19 15:43:37,2026-06-19 15:43:37,completed
8889c8d8-74a2-4f33-aa8d-c2ea778b3495,c80ee610-1e9e-47aa-8504-24f708347cce,Rock Block with Sen,Catch the latest trends and tracks live on Rock Block with Sen.,2026-06-19 15:43:46,2026-06-19 16:43:46,2026-06-19 15:43:46,2026-06-19 17:29:46,live
eddbae35-442f-4c06-a883-c8d2ed2d2084,cb225c68-5270-4320-bf38-8a0e08120070,Chai & Talk with Sharma,Catch the latest trends and tracks live on Chai & Talk with Sharma.,2026-06-19 15:44:17,2026-06-19 16:44:17,2026-06-19 15:45:17,2026-06-19 17:19:17,scheduled
e7e3107f-956b-42b7-8367-b34226e942c7,637d3ab2-1b90-4bb7-b4cc-384c1da936ed,Retro Rewind with Jenkins,Catch the latest trends and tracks live on Retro Rewind with Jenkins.,2026-06-19 15:45:37,2026-06-19 16:45:37,2026-06-19 15:46:37,2026-06-19 15:57:37,scheduled
6ffbbdd8-1d64-4cb1-9ea7-8a5d5dc06f4f,c29bf6d4-e07d-413e-be13-6500f75239a0,Morning Beats with Reddy,Catch the latest trends and tracks live on Morning Beats with Reddy.,2026-06-19 15:45:56,2026-06-19 16:45:56,2026-06-19 16:00:56,2026-06-19 17:26:56,scheduled
e2f0625f-b4c4-417b-a813-7a8a4d72a17a,530dd308-5db1-47f2-a8a4-6e9af8473f93,Midnight Melodies with Chang,Catch the latest trends and tracks live on Midnight Melodies with Chang.,2026-06-19 15:47:44,2026-06-19 16:47:44,2026-06-19 15:47:44,2026-06-19 15:47:44,completed
34410204-e9ed-492a-8e21-855a76f95dea,c29bf6d4-e07d-413e-be13-6500f75239a0,Rock Block with Reddy,Catch the latest trends and tracks live on Rock Block with Reddy.,2026-06-19 15:48:46,2026-06-19 16:48:46,2026-06-19 15:48:46,2026-06-19 15:48:46,completed
adac7516-5ccc-4239-8245-e790050d0122,ef04b927-faba-4c08-b66f-5fd4117ba14a,Morning Beats with Reddy,Catch the latest trends and tracks live on Morning Beats with Reddy.,2026-06-19 18:25:31,2026-06-19 19:25:31,2026-06-19 18:25:31,2026-06-19 21:48:31,scheduled
7e3fd895-71cc-4f3d-a98f-a61ff516bb05,a322f0f9-8607-48f1-bcca-0bacc98dcb86,Midnight Melodies with Sharma,Catch the latest trends and tracks live on Midnight Melodies with Sharma.,2026-06-19 18:25:43,2026-06-19 19:25:43,2026-06-19 18:22:43,2026-06-19 18:55:43,cancelled
19f59067-7a1c-4f55-bed5-562f5fae6a0f,ac43b5ee-014f-42d0-ab6a-c75271957e49,Midnight Melodies with Sharma,Catch the latest trends and tracks live on Midnight Melodies with Sharma.,2026-06-19 18:26:25,2026-06-19 19:26:25,2026-06-19 18:26:25,2026-06-19 20:02:25,live
315dd2a1-7d14-4a6b-b04b-232ea988fef4,0513753f-e25e-45da-a7ce-d09f70f6941a,Midnight Melodies with Reddy,Catch the latest trends and tracks live on Midnight Melodies with Reddy.,2026-06-19 18:27:20,2026-06-19 19:27:20,2026-06-19 18:24:20,2026-06-19 19:53:20,scheduled
0d468d72-73c0-45cf-829d-afa96f4f7cff,a3e02469-4bb3-45ff-a0c6-bb8b44bcd11a,Morning Beats with Sen,Catch the latest trends and tracks live on Morning Beats with Sen.,2026-06-19 18:27:44,2026-06-19 19:27:44,2026-06-19 18:40:44,2026-06-19 22:17:44,cancelled
f8f599a8-a54b-478b-80d7-ceb9a8241602,ac43b5ee-014f-42d0-ab6a-c75271957e49,Rock Block with Sharma,Catch the latest trends and tracks live on Rock Block with Sharma.,2026-06-19 18:28:22,2026-06-19 19:28:22,2026-06-19 18:28:22,2026-06-19 21:22:22,live
d45545d6-7dab-4985-90bf-17be175c7472,0deab226-be9f-4544-8392-b5ec2b143bd5,Chai & Talk with Reddy,Catch the latest trends and tracks live on Chai & Talk with Reddy.,2026-06-19 18:28:41,2026-06-19 19:28:41,2026-06-19 18:31:41,2026-06-19 20:54:41,cancelled
767203a4-1065-4c55-a66c-db68d40f051c,dda6179e-4085-460a-a1eb-70f9b9fb4b64,Rock Block with Rogers,Catch the latest trends and tracks live on Rock Block with Rogers.,2026-06-19 18:30:01,2026-06-19 19:30:01,2026-06-19 18:30:01,2026-06-19 18:30:01,completed
f077493e-10da-476a-a3b8-5f6eedd3b134,9c0dd9ec-d4a0-4bf1-941d-639be71a3c91,Morning Beats with Jenkins,Catch the latest trends and tracks live on Morning Beats with Jenkins.,2026-06-19 18:30:13,2026-06-19 19:30:13,2026-06-19 18:30:13,2026-06-19 18:30:13,completed
a8ea10ee-121a-43c2-ad99-4a5f0b3197ea,0a51b4b9-a46e-4035-956a-9e08179a526f,Chai & Talk with Chang,Catch the latest trends and tracks live on Chai & Talk with Chang.,2026-06-19 18:30:25,2026-06-19 19:30:25,2026-06-19 18:30:25,2026-06-19 18:30:25,completed
9b00ef8b-67d2-4a51-8c82-a4126a26baa5,67eab707-14aa-4d52-be9c-dbc69c116622,Retro Rewind with Sharma,Catch the latest trends and tracks live on Retro Rewind with Sharma.,2026-06-19 18:30:46,2026-06-19 19:30:46,2026-06-19 18:30:46,2026-06-19 22:26:46,live
9591970e-3e15-4523-ba5c-9758eac4092e,24ec820a-f24c-4e1e-b915-76046324a995,Rock Block with Rogers,Catch the latest trends and tracks live on Rock Block with Rogers.,2026-06-19 18:31:07,2026-06-19 19:31:07,2026-06-19 18:31:07,2026-06-19 18:31:07,completed
f2d75a71-8c53-4778-90fc-0f1826db4de6,ad65d25e-bc87-42d1-87de-7b9e3aa6db80,Rock Block with Kumar,Catch the latest trends and tracks live on Rock Block with Kumar.,2026-06-19 18:31:47,2026-06-19 19:31:47,2026-06-19 18:28:47,2026-06-19 19:54:47,cancelled
5a8a2ef8-d7ec-4529-a1c2-f2c8d83abe94,9214ea69-5346-4039-b8d5-66dc941b9cc9,Rock Block with Reddy,Catch the latest trends and tracks live on Rock Block with Reddy.,2026-06-19 18:33:59,2026-06-19 19:33:59,2026-06-19 18:33:59,2026-06-19 21:59:59,live
ad9e8a19-bba5-438d-9a86-12ed99dcb50b,8ae6190e-1b6f-4eee-8ab3-e92050927fd3,Chai & Talk with Nair,Catch the latest trends and tracks live on Chai & Talk with Nair.,2026-06-19 18:34:06,2026-06-19 19:34:06,2026-06-19 18:49:06,2026-06-19 22:48:06,scheduled
49071d94-d209-4e29-acb6-d0b5743448b9,9758a160-1fd3-4e11-89e6-71a139192cbd,Chai & Talk with Rogers,Catch the latest trends and tracks live on Chai & Talk with Rogers.,2026-06-19 18:36:08,2026-06-19 19:36:08,2026-06-19 18:36:08,2026-06-19 19:09:08,live
f32d46eb-3df8-4f02-bb96-3405a8aacb16,5eb97476-46e8-48b2-aec3-ae62e881dfad,Morning Beats with Sharma,Catch the latest trends and tracks live on Morning Beats with Sharma.,2026-06-19 18:37:06,2026-06-19 19:37:06,2026-06-19 18:47:06,2026-06-19 21:08:06,cancelled
7348c55f-72b0-4525-87c3-423f8670043a,b5044618-cb04-439a-a654-086b65828006,Morning Beats with Sharma,Catch the latest trends and tracks live on Morning Beats with Sharma.,2026-06-19 18:38:00,2026-06-19 19:38:00,2026-06-19 18:40:00,2026-06-19 19:35:00,scheduled
79cfe846-51b6-42e4-89de-316c5dd67091,cfd04dcc-92a9-42af-afd8-41241cb33d2a,Retro Rewind with Jenkins,Catch the latest trends and tracks live on Retro Rewind with Jenkins.,2026-06-19 18:38:33,2026-06-19 19:38:33,2026-06-19 18:45:33,2026-06-19 20:12:33,scheduled
12dbb36d-dace-4267-8750-9308b97ee616,50e43f20-3ba1-44a1-b10d-89f192cc9ec3,Morning Beats with Sen,Catch the latest trends and tracks live on Morning Beats with Sen.,2026-06-19 18:39:54,2026-06-19 19:39:54,2026-06-19 18:39:54,2026-06-19 19:26:54,live
85f54c5e-91bb-472d-a986-7098e8c387de,283e14e1-b5f1-4f1a-b7af-f42e7d267a77,Retro Rewind with Rogers,Catch the latest trends and tracks live on Retro Rewind with Rogers.,2026-06-19 18:40:37,2026-06-19 19:40:37,2026-06-19 18:40:37,2026-06-19 19:23:37,live
e36376d6-8376-4e7f-a9dc-623758c8f64a,dda6179e-4085-460a-a1eb-70f9b9fb4b64,Rock Block with Rogers,Catch the latest trends and tracks live on Rock Block with Rogers.,2026-06-19 18:40:57,2026-06-19 19:40:57,2026-06-19 18:35:57,2026-06-19 20:48:57,scheduled
b67b904e-5990-4b16-b982-70028b5a1e7a,e1a43bd0-6282-49b2-938e-803a592c5f46,Chai & Talk with Jenkins,Catch the latest trends and tracks live on Chai & Talk with Jenkins.,2026-06-19 18:41:04,2026-06-19 19:41:04,2026-06-19 18:41:04,2026-06-19 19:58:04,live
a610dd74-2ea1-41fc-ac3f-959a90d7c75d,15d7e124-eb7e-4318-b0e5-f4d52d7fd766,Midnight Melodies with Rogers,Catch the latest trends and tracks live on Midnight Melodies with Rogers.,2026-06-19 18:41:36,2026-06-19 19:41:36,2026-06-19 18:36:36,2026-06-19 20:39:36,cancelled
4b78e510-ed41-4db8-a77f-83b6e4b9e6d0,dbea2cb8-aba8-49e1-bd1e-c9b2d7eeee7e,Morning Beats with Jenkins,Catch the latest trends and tracks live on Morning Beats with Jenkins.,2026-06-19 18:42:12,2026-06-19 19:42:12,2026-06-19 18:42:12,2026-06-19 18:42:12,completed
6d8188ce-fda7-4c45-9557-7b7f2d47460c,b87d3b52-5198-45bb-8feb-b477269b50c8,Retro Rewind with Chang,Catch the latest trends and tracks live on Retro Rewind with Chang.,2026-06-19 18:43:07,2026-06-19 19:43:07,2026-06-19 18:54:07,2026-06-19 20:31:07,scheduled
2bdbf42d-6ae6-4528-9286-f9fb148a64fd,cfd04dcc-92a9-42af-afd8-41241cb33d2a,Retro Rewind with Jenkins,Catch the latest trends and tracks live on Retro Rewind with Jenkins.,2026-06-19 18:43:44,2026-06-19 19:43:44,2026-06-19 18:42:44,2026-06-19 22:14:44,scheduled
f10e6fab-32f0-498c-b21a-0e4ef4ae09e1,9c0dd9ec-d4a0-4bf1-941d-639be71a3c91,Morning Beats with Jenkins,Catch the latest trends and tracks live on Morning Beats with Jenkins.,2026-06-19 18:43:51,2026-06-19 19:43:51,2026-06-19 18:44:51,2026-06-19 19:08:51,cancelled
81a916be-4973-4db8-8b9e-501d854aef15,25466537-92b1-464f-be90-c4a1f836cd38,Morning Beats with Rogers,Catch the latest trends and tracks live on Morning Beats with Rogers.,2026-06-19 18:45:07,2026-06-19 19:45:07,2026-06-19 18:45:07,2026-06-19 18:45:07,completed
7e98d72f-a546-44b5-8f33-fd3642569e6a,67eab707-14aa-4d52-be9c-dbc69c116622,Morning Beats with Sharma,Catch the latest trends and tracks live on Morning Beats with Sharma.,2026-06-19 18:45:13,2026-06-19 19:45:13,2026-06-19 18:41:13,2026-06-19 22:34:13,scheduled
cfb1456a-732e-4faf-8c1b-961cee4fba34,853b9a3f-b27f-4078-9b91-ea7f25e16f06,Midnight Melodies with Sharma,Catch the latest trends and tracks live on Midnight Melodies with Sharma.,2026-06-19 18:45:34,2026-06-19 19:45:34,2026-06-19 18:45:34,2026-06-19 22:39:34,live
207760ed-7627-402f-a4e5-2f183d44a86e,c80ee610-1e9e-47aa-8504-24f708347cce,Chai & Talk with Sen,Catch the latest trends and tracks live on Chai & Talk with Sen.,2026-06-19 18:46:12,2026-06-19 19:46:12,2026-06-19 18:57:12,2026-06-19 20:16:12,scheduled
52c69aec-7738-4ef2-a69b-57387916ec83,cc9dc490-f3ad-4054-91ad-0b707b7c0de1,Morning Beats with Kumar,Catch the latest trends and tracks live on Morning Beats with Kumar.,2026-06-19 18:47:37,2026-06-19 19:47:37,2026-06-19 18:42:37,2026-06-19 21:39:37,cancelled
99912292-fff9-43d5-b36e-3157634ebcf6,02039b61-ffe1-43c9-9601-11892216d2a3,Morning Beats with Reddy,Catch the latest trends and tracks live on Morning Beats with Reddy.,2026-06-19 18:47:50,2026-06-19 19:47:50,2026-06-19 18:51:50,2026-06-19 19:38:50,cancelled
f7a804fb-082f-4c1c-b61f-e8c56a48387a,8ccb6519-baa0-4b95-a76f-6669cec47cc1,Retro Rewind with Rogers,Catch the latest trends and tracks live on Retro Rewind with Rogers.,2026-06-19 18:47:57,2026-06-19 19:47:57,2026-06-19 18:47:57,2026-06-19 21:39:57,live
18b21ad3-ead0-4f6a-8f22-b10b81ec4394,6aeb5fa6-e178-480d-98b4-fea262c396ab,Retro Rewind with Sharma,Catch the latest trends and tracks live on Retro Rewind with Sharma.,2026-06-19 18:48:04,2026-06-19 19:48:04,2026-06-19 18:46:04,2026-06-19 19:02:04,cancelled
0c3fd2e1-0882-44ff-87fe-059c59af8e4b,9214ea69-5346-4039-b8d5-66dc941b9cc9,Retro Rewind with Reddy,Catch the latest trends and tracks live on Retro Rewind with Reddy.,2026-06-19 18:48:17,2026-06-19 19:48:17,2026-06-19 19:01:17,2026-06-19 22:27:17,cancelled
f81dc84c-824b-4957-be81-fdc5afe7b8a2,cfe14b5d-c7af-459d-9743-c57855cdfd0f,Midnight Melodies with Nair,Catch the latest trends and tracks live on Midnight Melodies with Nair.,2026-06-19 18:48:23,2026-06-19 19:48:23,2026-06-19 18:48:23,2026-06-19 19:16:23,live
6eedde0c-ea74-4268-9339-412d788d75d1,f4de3187-89e2-43e2-8c91-251f97041d5f,Chai & Talk with Kumar,Catch the latest trends and tracks live on Chai & Talk with Kumar.,2026-06-19 18:48:42,2026-06-19 19:48:42,2026-06-19 18:52:42,2026-06-19 20:32:42,cancelled
7b157de8-5177-4328-8265-b0f48908687d,0a51b4b9-a46e-4035-956a-9e08179a526f,Retro Rewind with Chang,Catch the latest trends and tracks live on Retro Rewind with Chang.,2026-06-19 18:49:39,2026-06-19 19:49:39,2026-06-19 18:49:39,2026-06-19 21:55:39,live
f746fdeb-6347-4596-8163-c117a7becaa4,bb2d84d4-b95d-47d1-9c38-d90c4fe6b5d7,Midnight Melodies with Nair,Catch the latest trends and tracks live on Midnight Melodies with Nair.,2026-06-19 18:50:17,2026-06-19 19:50:17,2026-06-19 18:50:17,2026-06-19 19:35:17,live
74506cc7-9c8a-4920-bd11-082386646225,0513753f-e25e-45da-a7ce-d09f70f6941a,Midnight Melodies with Reddy,Catch the latest trends and tracks live on Midnight Melodies with Reddy.,2026-06-19 18:51:10,2026-06-19 19:51:10,2026-06-19 18:51:10,2026-06-19 21:43:10,live
c9243a70-e974-4b54-9467-2f72094ff36b,b44c3ae2-8a77-450d-b20c-2286ff258c25,Morning Beats with Nair,Catch the latest trends and tracks live on Morning Beats with Nair.,2026-06-19 18:51:50,2026-06-19 19:51:50,2026-06-19 18:51:50,2026-06-19 21:48:50,live
2a1538d8-19d9-4e8c-a4b5-6437a72504f4,69bb1630-17a0-472c-815a-35157879331b,Midnight Melodies with Chang,Catch the latest trends and tracks live on Midnight Melodies with Chang.,2026-06-19 18:51:57,2026-06-19 19:51:57,2026-06-19 18:56:57,2026-06-19 21:31:57,scheduled
dfd8f0ad-36b4-47f9-b42f-33438b92c7c5,b5044618-cb04-439a-a654-086b65828006,Midnight Melodies with Sharma,Catch the latest trends and tracks live on Midnight Melodies with Sharma.,2026-06-19 18:53:32,2026-06-19 19:53:32,2026-06-19 19:00:32,2026-06-19 19:59:32,scheduled
da8086c2-1ab0-4121-9cc4-bae578beb5eb,95ff7f5c-87af-485c-be69-a7d8b0e834bf,Retro Rewind with Nair,Catch the latest trends and tracks live on Retro Rewind with Nair.,2026-06-19 18:56:27,2026-06-19 19:56:27,2026-06-19 18:56:27,2026-06-19 18:56:27,completed
9878b9a2-4cff-4789-ab27-fce7b52daf1b,e50f55af-1bce-4de7-932e-02b53b1e2047,Morning Beats with Kumar,Catch the latest trends and tracks live on Morning Beats with Kumar.,2026-06-19 18:56:40,2026-06-19 19:56:40,2026-06-19 18:56:40,2026-06-19 18:56:40,completed
de5a4f7e-b6b4-41bd-8b89-1047aab780c7,6e772df0-c8d3-4436-a06c-7951d5256ac7,Retro Rewind with Sen,Catch the latest trends and tracks live on Retro Rewind with Sen.,2026-06-19 18:57:46,2026-06-19 19:57:46,2026-06-19 18:57:46,2026-06-19 19:14:46,live
809f7962-488d-44df-9191-b62a196954ec,8d02f3f6-ef18-493f-8e88-22bf721d8c41,Rock Block with Nair,Catch the latest trends and tracks live on Rock Block with Nair.,2026-06-19 18:58:05,2026-06-19 19:58:05,2026-06-19 19:05:05,2026-06-19 22:19:05,cancelled
1bd36a37-ae75-4987-bf63-2858adf6d025,25466537-92b1-464f-be90-c4a1f836cd38,Midnight Melodies with Rogers,Catch the latest trends and tracks live on Midnight Melodies with Rogers.,2026-06-19 18:58:17,2026-06-19 19:58:17,2026-06-19 18:58:17,2026-06-19 18:58:17,completed
cb702a01-99b7-454a-8bca-ae21f9f83a48,f52a2d2a-4990-4132-9eab-b2c955708f9a,Rock Block with Sharma,Catch the latest trends and tracks live on Rock Block with Sharma.,2026-06-19 18:59:39,2026-06-19 19:59:39,2026-06-19 18:59:39,2026-06-19 18:59:39,completed
16964f4f-cad0-445d-b94c-281e5c4b6db5,9385f0a8-53d2-4145-ae0e-f3ef40938781,Retro Rewind with Reddy,Catch the latest trends and tracks live on Retro Rewind with Reddy.,2026-06-19 18:59:46,2026-06-19 19:59:46,2026-06-19 18:59:46,2026-06-19 22:57:46,live
e07f539c-2826-4a0f-a2a9-60dae9bc8097,2d35ac12-d07e-4b7b-a61a-ad371241bc5e,Morning Beats with Jenkins,Catch the latest trends and tracks live on Morning Beats with Jenkins.,2026-06-19 19:00:09,2026-06-19 20:00:09,2026-06-19 19:00:09,2026-06-19 20:41:09,live
763f943c-7771-4183-9120-ff23ec6a7d79,9de3e12f-4d20-44f4-8a6e-6d7561c0b41d,Rock Block with Sen,Catch the latest trends and tracks live on Rock Block with Sen.,2026-06-19 19:01:05,2026-06-19 20:01:05,2026-06-19 19:10:05,2026-06-19 19:45:05,scheduled
263442f2-7df0-4d20-9f55-5210cff742f2,f4de3187-89e2-43e2-8c91-251f97041d5f,Midnight Melodies with Kumar,Catch the latest trends and tracks live on Midnight Melodies with Kumar.,2026-06-19 19:01:11,2026-06-19 20:01:11,2026-06-19 19:00:11,2026-06-19 22:34:11,scheduled
017f5cdd-d87d-4cf3-8bd8-5ae4b9a519eb,8ae6190e-1b6f-4eee-8ab3-e92050927fd3,Chai & Talk with Nair,Catch the latest trends and tracks live on Chai & Talk with Nair.,2026-06-19 19:02:30,2026-06-19 20:02:30,2026-06-19 19:03:30,2026-06-19 19:16:30,scheduled
f773fb92-2e76-4965-bcbb-76c14794facd,fc83082b-7b39-427c-853a-5f7b21b8d0ac,Chai & Talk with Jenkins,Catch the latest trends and tracks live on Chai & Talk with Jenkins.,2026-06-19 19:03:04,2026-06-19 20:03:04,2026-06-19 19:16:04,2026-06-19 20:42:04,cancelled
f9d3b5fd-ad6b-4948-bc19-16cb17c425f6,a322f0f9-8607-48f1-bcca-0bacc98dcb86,Midnight Melodies with Sharma,Catch the latest trends and tracks live on Midnight Melodies with Sharma.,2026-06-19 19:03:17,2026-06-19 20:03:17,2026-06-19 19:09:17,2026-06-19 21:04:17,scheduled
338f57f7-add5-4847-b4ee-deb9221c2bf9,1b4afe02-bfff-42c3-a04b-f3662ad05c09,Morning Beats with Kumar,Catch the latest trends and tracks live on Morning Beats with Kumar.,2026-06-19 19:04:04,2026-06-19 20:04:04,2026-06-19 19:04:04,2026-06-19 22:31:04,live
4921135d-8796-45be-ab61-ea2ce51f1e22,860a6ae9-8aee-4e46-848d-f361ea87c3f2,Retro Rewind with Nair,Catch the latest trends and tracks live on Retro Rewind with Nair.,2026-06-19 19:04:11,2026-06-19 20:04:11,2026-06-19 19:17:11,2026-06-19 21:12:11,scheduled
a5e0299f-f475-4129-bd39-fbdcb5cf5dab,92d73526-7035-423f-bacd-2dc2974330b6,Midnight Melodies with Sen,Catch the latest trends and tracks live on Midnight Melodies with Sen.,2026-06-19 19:05:28,2026-06-19 20:05:28,2026-06-19 19:03:28,2026-06-19 22:10:28,scheduled
8bda58b7-f2f2-4d37-a2d1-747be17d9ec7,6aeb5fa6-e178-480d-98b4-fea262c396ab,Chai & Talk with Sharma,Catch the latest trends and tracks live on Chai & Talk with Sharma.,2026-06-19 19:05:41,2026-06-19 20:05:41,2026-06-19 19:04:41,2026-06-19 22:57:41,cancelled
fb1b2d9b-ac3c-4d6a-9a47-a67b2585d863,8ccb6519-baa0-4b95-a76f-6669cec47cc1,Midnight Melodies with Rogers,Catch the latest trends and tracks live on Midnight Melodies with Rogers.,2026-06-19 19:05:47,2026-06-19 20:05:47,2026-06-19 19:05:47,2026-06-19 19:19:47,scheduled
0f34841e-e9aa-4d87-a3bb-f6a2427e9212,1ae82a94-3a72-4808-acca-ac684d1518d1,Midnight Melodies with Rogers,Catch the latest trends and tracks live on Midnight Melodies with Rogers.,2026-06-19 19:05:54,2026-06-19 20:05:54,2026-06-19 19:05:54,2026-06-19 19:05:54,completed
a3969ed9-957e-474e-9f40-37856a885245,b44c3ae2-8a77-450d-b20c-2286ff258c25,Rock Block with Nair,Catch the latest trends and tracks live on Rock Block with Nair.,2026-06-19 19:06:25,2026-06-19 20:06:25,2026-06-19 19:06:25,2026-06-19 21:36:25,live
e69e0f51-0656-4f8c-8c0b-5fe61a7559f2,388edcc1-46cd-4a29-9265-f84cbbc37771,Retro Rewind with Jenkins,Catch the latest trends and tracks live on Retro Rewind with Jenkins.,2026-06-19 19:07:32,2026-06-19 20:07:32,2026-06-19 19:07:32,2026-06-19 19:07:32,completed
555a9b05-65f6-4391-86ac-8b359efbaf1d,1ae82a94-3a72-4808-acca-ac684d1518d1,Chai & Talk with Rogers,Catch the latest trends and tracks live on Chai & Talk with Rogers.,2026-06-19 19:07:39,2026-06-19 20:07:39,2026-06-19 19:07:39,2026-06-19 19:35:39,cancelled
218deb2b-541e-4eb6-a3f1-46581092215e,b0b19e83-9207-4fdc-9a53-438a8a2df2af,Chai & Talk with Kumar,Catch the latest trends and tracks live on Chai & Talk with Kumar.,2026-06-19 19:09:41,2026-06-19 20:09:41,2026-06-19 19:17:41,2026-06-19 22:42:41,cancelled
085a0613-98d2-463c-b3e6-b6d9e4640954,dbea2cb8-aba8-49e1-bd1e-c9b2d7eeee7e,Rock Block with Jenkins,Catch the latest trends and tracks live on Rock Block with Jenkins.,2026-06-19 19:10:06,2026-06-19 20:10:06,2026-06-19 19:10:06,2026-06-19 22:03:06,live
7dd34eb4-bf7d-4830-90fd-abc559c64a9b,8d02f3f6-ef18-493f-8e88-22bf721d8c41,Chai & Talk with Nair,Catch the latest trends and tracks live on Chai & Talk with Nair.,2026-06-19 19:10:42,2026-06-19 20:10:42,2026-06-19 19:10:42,2026-06-19 20:16:42,live
408de9f7-6024-49ef-bbdd-3c439eaa700e,e78f496c-e83a-4d13-af12-45cb14794d60,Rock Block with Nair,Catch the latest trends and tracks live on Rock Block with Nair.,2026-06-19 19:10:57,2026-06-19 20:10:57,2026-06-19 19:11:57,2026-06-19 19:36:57,cancelled
8de75839-19b0-4f40-9e00-f247063a7f78,f4de3187-89e2-43e2-8c91-251f97041d5f,Morning Beats with Kumar,Catch the latest trends and tracks live on Morning Beats with Kumar.,2026-06-19 19:11:24,2026-06-19 20:11:24,2026-06-19 19:06:24,2026-06-19 20:46:24,cancelled
c96cf36b-fc0a-48ff-8272-6f9f0611e2d0,037d5eda-3735-4ccb-95a0-3f9e155113f4,Morning Beats with Kumar,Catch the latest trends and tracks live on Morning Beats with Kumar.,2026-06-19 19:12:11,2026-06-19 20:12:11,2026-06-19 19:12:11,2026-06-19 19:44:11,live
cad78b34-c284-4372-aa60-95a6e79551ab,d2c6bf47-8461-4f4d-ab7e-bae721fa44fd,Chai & Talk with Sen,Catch the latest trends and tracks live on Chai & Talk with Sen.,2026-06-19 19:13:09,2026-06-19 20:13:09,2026-06-19 19:13:09,2026-06-19 19:13:09,completed
eb01acbe-d778-4476-a73e-ded5fc6f9b87,9758a160-1fd3-4e11-89e6-71a139192cbd,Morning Beats with Rogers,Catch the latest trends and tracks live on Morning Beats with Rogers.,2026-06-19 19:13:54,2026-06-19 20:13:54,2026-06-19 19:23:54,2026-06-19 21:33:54,scheduled
05a2e8e7-dd72-48db-9363-e977ff74232f,e7c3165b-9cbc-46d2-840c-6b218d80e97a,Morning Beats with Kumar,Catch the latest trends and tracks live on Morning Beats with Kumar.,2026-06-19 19:14:43,2026-06-19 20:14:43,2026-06-19 19:14:43,2026-06-19 20:01:43,scheduled
ed182375-60cd-4e70-a633-ca384dd375b9,6aeb5fa6-e178-480d-98b4-fea262c396ab,Chai & Talk with Sharma,Catch the latest trends and tracks live on Chai & Talk with Sharma.,2026-06-19 19:15:36,2026-06-19 20:15:36,2026-06-19 19:15:36,2026-06-19 19:15:36,completed
9f384bcc-e39a-4e8a-8be5-040e84106812,cb225c68-5270-4320-bf38-8a0e08120070,Rock Block with Sharma,Catch the latest trends and tracks live on Rock Block with Sharma.,2026-06-19 19:17:43,2026-06-19 20:17:43,2026-06-19 19:24:43,2026-06-19 21:50:43,cancelled
0c6e0620-2eb0-40f0-a982-32de1b0d94c8,dda6179e-4085-460a-a1eb-70f9b9fb4b64,Chai & Talk with Rogers,Catch the latest trends and tracks live on Chai & Talk with Rogers.,2026-06-19 19:17:49,2026-06-19 20:17:49,2026-06-19 19:16:49,2026-06-19 21:34:49,cancelled
b3073a61-9962-4fa9-95e0-ba7e7bf21a51,615d1aa7-b6ac-40b0-85ad-b37c0edb915b,Chai & Talk with Rogers,Catch the latest trends and tracks live on Chai & Talk with Rogers.,2026-06-19 19:18:02,2026-06-19 20:18:02,2026-06-19 19:18:02,2026-06-19 19:18:02,completed
45a4c119-7478-4621-8d3e-4d0615d97e39,9214ea69-5346-4039-b8d5-66dc941b9cc9,Midnight Melodies with Reddy,Catch the latest trends and tracks live on Midnight Melodies with Reddy.,2026-06-19 19:18:37,2026-06-19 20:18:37,2026-06-19 19:28:37,2026-06-19 20:54:37,cancelled
6bb0c26e-797b-487e-a793-de77d0ad0eba,4bf0267d-5c8b-417a-adad-3f9c33770af0,Retro Rewind with Kumar,Catch the latest trends and tracks live on Retro Rewind with Kumar.,2026-06-19 19:19:59,2026-06-19 20:19:59,2026-06-19 19:19:59,2026-06-19 20:45:59,live
2b52ae08-ec82-4157-86d0-f4119277a839,e7c3165b-9cbc-46d2-840c-6b218d80e97a,Retro Rewind with Kumar,Catch the latest trends and tracks live on Retro Rewind with Kumar.,2026-06-19 19:20:13,2026-06-19 20:20:13,2026-06-19 19:18:13,2026-06-19 23:12:13,cancelled
374fc741-ba7c-40ca-974f-98d33c9b5d38,d0253ba0-40a1-42c7-9403-e48b4a91bcea,Midnight Melodies with Kumar,Catch the latest trends and tracks live on Midnight Melodies with Kumar.,2026-06-19 19:21:24,2026-06-19 20:21:24,2026-06-19 19:21:24,2026-06-19 19:21:24,completed
2867aae3-c5ba-4fc4-8bf8-e1ebc4d6c1e0,e78f496c-e83a-4d13-af12-45cb14794d60,Chai & Talk with Nair,Catch the latest trends and tracks live on Chai & Talk with Nair.,2026-06-19 19:23:19,2026-06-19 20:23:19,2026-06-19 19:33:19,2026-06-19 21:20:19,scheduled
9c0b0009-4e13-47f2-9e78-45e770daed22,af21e620-8948-46e2-84a2-6f7cab7e18e1,Rock Block with Sen,Catch the latest trends and tracks live on Rock Block with Sen.,2026-06-19 19:23:40,2026-06-19 20:23:40,2026-06-19 19:33:40,2026-06-19 21:43:40,cancelled
2371e9cd-296a-4811-8c75-bb89dbd02fd8,a3e02469-4bb3-45ff-a0c6-bb8b44bcd11a,Retro Rewind with Sen,Catch the latest trends and tracks live on Retro Rewind with Sen.,2026-06-19 19:24:16,2026-06-19 20:24:16,2026-06-19 19:19:16,2026-06-19 21:18:16,cancelled
cd2dcd36-15a7-4dac-9e2a-a761e71643e0,bb2d84d4-b95d-47d1-9c38-d90c4fe6b5d7,Chai & Talk with Nair,Catch the latest trends and tracks live on Chai & Talk with Nair.,2026-06-19 19:24:47,2026-06-19 20:24:47,2026-06-19 19:24:47,2026-06-19 20:04:47,live
a9194e79-cd72-4a6d-a360-7cfda7155202,af21e620-8948-46e2-84a2-6f7cab7e18e1,Chai & Talk with Sen,Catch the latest trends and tracks live on Chai & Talk with Sen.,2026-06-19 19:25:00,2026-06-19 20:25:00,2026-06-19 19:40:00,2026-06-19 21:35:00,scheduled
58f749fe-77bf-4b52-9ccd-21ac58714879,615d1aa7-b6ac-40b0-85ad-b37c0edb915b,Rock Block with Rogers,Catch the latest trends and tracks live on Rock Block with Rogers.,2026-06-19 19:25:59,2026-06-19 20:25:59,2026-06-19 19:20:59,2026-06-19 22:20:59,scheduled
a2a55a28-32cb-4bae-9349-d5449d325f4c,2c4872c1-dec5-4dfa-896d-3304d5344a73,Chai & Talk with Nair,Catch the latest trends and tracks live on Chai & Talk with Nair.,2026-06-19 19:26:56,2026-06-19 20:26:56,2026-06-19 19:26:56,2026-06-19 21:18:56,live
9fea457f-2276-4a2e-a3b1-9dfd0ad8c807,15b3b9b4-066b-4ebe-80eb-4843e9b0c734,Retro Rewind with Jenkins,Catch the latest trends and tracks live on Retro Rewind with Jenkins.,2026-06-19 19:28:23,2026-06-19 20:28:23,2026-06-19 19:27:23,2026-06-19 20:45:23,cancelled
fa67452b-745a-4d12-8ac4-f647dbf6bf8d,c147d296-4dda-4fa2-ac43-27e804821a32,Chai & Talk with Kumar,Catch the latest trends and tracks live on Chai & Talk with Kumar.,2026-06-19 19:28:49,2026-06-19 20:28:49,2026-06-19 19:28:49,2026-06-19 22:12:49,live
252db408-2bcc-4a0b-882c-0f964b6d839a,77c9dd18-9b74-4485-89d0-01789e9ddae1,Chai & Talk with Reddy,Catch the latest trends and tracks live on Chai & Talk with Reddy.,2026-06-19 19:29:04,2026-06-19 20:29:04,2026-06-19 19:39:04,2026-06-19 22:02:04,cancelled
09be8be2-d300-423c-848b-96944a139931,af21e620-8948-46e2-84a2-6f7cab7e18e1,Morning Beats with Sen,Catch the latest trends and tracks live on Morning Beats with Sen.,2026-06-19 19:30:44,2026-06-19 20:30:44,2026-06-19 19:30:44,2026-06-19 19:30:44,completed
47e2c5d0-ff51-41be-aacf-926858b76825,46ca214a-ba02-4533-9746-df38e8eb8020,Midnight Melodies with Kumar,Catch the latest trends and tracks live on Midnight Melodies with Kumar.,2026-06-19 19:30:50,2026-06-19 20:30:50,2026-06-19 19:30:50,2026-06-19 21:17:50,live
0d919f4b-c295-4c1c-b9a8-aa1bf7055371,ac43b5ee-014f-42d0-ab6a-c75271957e49,Chai & Talk with Sharma,Catch the latest trends and tracks live on Chai & Talk with Sharma.,2026-06-19 19:32:19,2026-06-19 20:32:19,2026-06-19 19:38:19,2026-06-19 22:11:19,scheduled
e635d47e-43b3-462b-bbee-16904949d83c,8fb99157-cb44-4422-8486-562192006540,Morning Beats with Kumar,Catch the latest trends and tracks live on Morning Beats with Kumar.,2026-06-19 19:32:32,2026-06-19 20:32:32,2026-06-19 19:32:32,2026-06-19 20:40:32,live
db354e60-5262-4bde-84e5-c8c63ef3859e,0a51b4b9-a46e-4035-956a-9e08179a526f,Midnight Melodies with Chang,Catch the latest trends and tracks live on Midnight Melodies with Chang.,2026-06-19 19:32:54,2026-06-19 20:32:54,2026-06-19 19:32:54,2026-06-19 23:04:54,live
f07ec1c6-771e-4535-a6c6-812382b25079,8edfeba7-7dd5-4b79-874c-0b165e218f7c,Chai & Talk with Sharma,Catch the latest trends and tracks live on Chai & Talk with Sharma.,2026-06-19 19:33:20,2026-06-19 20:33:20,2026-06-19 19:31:20,2026-06-19 22:29:20,scheduled
99340d0e-2ff6-4508-937c-7af51e8397d2,b6d9135f-080d-474d-bb83-295846af0761,Midnight Melodies with Sen,Catch the latest trends and tracks live on Midnight Melodies with Sen.,2026-06-19 19:33:52,2026-06-19 20:33:52,2026-06-19 19:31:52,2026-06-19 22:53:52,scheduled
99551426-5f28-4783-925b-6184482f5cfd,69bb1630-17a0-472c-815a-35157879331b,Rock Block with Chang,Catch the latest trends and tracks live on Rock Block with Chang.,2026-06-19 19:34:05,2026-06-19 20:34:05,2026-06-19 19:41:05,2026-06-19 23:08:05,cancelled
8ff40287-7f2c-418c-baf5-48c014ad72f9,ad3bd9b3-0532-40fc-9fee-78bfa21a04fc,Retro Rewind with Reddy,Catch the latest trends and tracks live on Retro Rewind with Reddy.,2026-06-19 19:35:12,2026-06-19 20:35:12,2026-06-19 19:35:12,2026-06-19 19:35:12,completed
4b0afa79-6f8f-46d1-8c02-b4422e4ae4b6,8fb99157-cb44-4422-8486-562192006540,Midnight Melodies with Kumar,Catch the latest trends and tracks live on Midnight Melodies with Kumar.,2026-06-19 19:36:17,2026-06-19 20:36:17,2026-06-19 19:49:17,2026-06-19 22:27:17,scheduled
d4ccab35-8ebd-4c31-b58f-77e32494236b,9214ea69-5346-4039-b8d5-66dc941b9cc9,Retro Rewind with Reddy,Catch the latest trends and tracks live on Retro Rewind with Reddy.,2026-06-19 19:37:17,2026-06-19 20:37:17,2026-06-19 19:37:17,2026-06-19 19:37:17,completed
4871d02f-d9d9-4ab3-96dc-7957f93f7dc6,e1014c4d-56fc-470b-b5a8-825347e72467,Midnight Melodies with Chang,Catch the latest trends and tracks live on Midnight Melodies with Chang.,2026-06-19 19:37:29,2026-06-19 20:37:29,2026-06-19 19:40:29,2026-06-19 22:30:29,cancelled
e4f8e1b2-9214-4fa7-955b-3ece5e8e8e47,d0253ba0-40a1-42c7-9403-e48b4a91bcea,Morning Beats with Kumar,Catch the latest trends and tracks live on Morning Beats with Kumar.,2026-06-19 19:37:57,2026-06-19 20:37:57,2026-06-19 19:37:57,2026-06-19 19:37:57,completed
a0e44122-5daf-41e7-9fcd-d15e032283ad,a3e02469-4bb3-45ff-a0c6-bb8b44bcd11a,Morning Beats with Sen,Catch the latest trends and tracks live on Morning Beats with Sen.,2026-06-19 19:38:56,2026-06-19 20:38:56,2026-06-19 19:46:56,2026-06-19 22:45:56,cancelled
781bec68-4fe9-4a22-b094-878b8b5fa7a4,cfe14b5d-c7af-459d-9743-c57855cdfd0f,Morning Beats with Nair,Catch the latest trends and tracks live on Morning Beats with Nair.,2026-06-19 19:39:04,2026-06-19 20:39:04,2026-06-19 19:48:04,2026-06-19 22:53:04,cancelled
b9f32370-0bea-4fed-99f3-73d91e848147,860a6ae9-8aee-4e46-848d-f361ea87c3f2,Chai & Talk with Nair,Catch the latest trends and tracks live on Chai & Talk with Nair.,2026-06-19 19:41:11,2026-06-19 20:41:11,2026-06-19 19:41:11,2026-06-19 19:41:11,completed
893aa495-9298-4681-bc57-3874acf8d256,0deab226-be9f-4544-8392-b5ec2b143bd5,Midnight Melodies with Reddy,Catch the latest trends and tracks live on Midnight Melodies with Reddy.,2026-06-19 19:41:51,2026-06-19 20:41:51,2026-06-19 19:41:51,2026-06-19 19:41:51,completed
c312ee10-d7ad-41f0-81b0-bd5475f88c09,454a8499-1e68-4d38-9dde-e66c9a23ca13,Retro Rewind with Reddy,Catch the latest trends and tracks live on Retro Rewind with Reddy.,2026-06-19 19:42:11,2026-06-19 20:42:11,2026-06-19 19:44:11,2026-06-19 22:37:11,cancelled
4e4b0ba6-6b5b-4eda-9e2c-715654c10298,48614def-16d6-44a0-a8e2-b95da1b6293a,Morning Beats with Chang,Catch the latest trends and tracks live on Morning Beats with Chang.,2026-06-19 19:42:38,2026-06-19 20:42:38,2026-06-19 19:46:38,2026-06-19 19:58:38,cancelled
07e24000-d3da-477b-850c-092544797069,92bea3ff-c485-438e-95e6-07af9960ae79,Chai & Talk with Kumar,Catch the latest trends and tracks live on Chai & Talk with Kumar.,2026-06-19 19:43:04,2026-06-19 20:43:04,2026-06-19 19:43:04,2026-06-19 22:16:04,live
2c3cb994-31c7-4f49-81ce-3ba0351ddf84,b21bf63c-3810-4f9f-af4b-19c8e2f9bf0b,Rock Block with Rogers,Catch the latest trends and tracks live on Rock Block with Rogers.,2026-06-19 19:43:22,2026-06-19 20:43:22,2026-06-19 19:43:22,2026-06-19 21:01:22,live
8e01b90e-d20b-4f68-82c1-bf98052261c4,1ea21dfd-345f-4f69-88df-90a3df7318e0,Chai & Talk with Reddy,Catch the latest trends and tracks live on Chai & Talk with Reddy.,2026-06-19 19:44:38,2026-06-19 20:44:38,2026-06-19 19:50:38,2026-06-19 21:52:38,cancelled
7aca0122-a47d-4c9b-9ae7-34e6c71dbcd0,92bea3ff-c485-438e-95e6-07af9960ae79,Midnight Melodies with Kumar,Catch the latest trends and tracks live on Midnight Melodies with Kumar.,2026-06-19 19:45:16,2026-06-19 20:45:16,2026-06-19 19:46:16,2026-06-19 21:43:16,cancelled
0347fb09-70f4-4fb1-b96a-af1f240eff37,24ec820a-f24c-4e1e-b915-76046324a995,Morning Beats with Rogers,Catch the latest trends and tracks live on Morning Beats with Rogers.,2026-06-19 19:45:34,2026-06-19 20:45:34,2026-06-19 19:45:34,2026-06-19 19:45:34,completed
1c22f6f4-4275-46b3-9725-90dd2bcc3748,88b0a3e9-2a95-4fdc-a543-6fe7bec3a9bb,Chai & Talk with Reddy,Catch the latest trends and tracks live on Chai & Talk with Reddy.,2026-06-19 19:46:13,2026-06-19 20:46:13,2026-06-19 19:46:13,2026-06-19 21:55:13,live
5821942d-11a4-4f02-9e3f-476a3f8bfa0b,63f0daca-b316-4753-8c3c-0b7e5c3e7201,Midnight Melodies with Nair,Catch the latest trends and tracks live on Midnight Melodies with Nair.,2026-06-19 19:46:58,2026-06-19 20:46:58,2026-06-19 19:46:58,2026-06-19 19:46:58,completed
790cb281-85a6-442f-b8f9-093a6c10e485,cfe14b5d-c7af-459d-9743-c57855cdfd0f,Midnight Melodies with Nair,Catch the latest trends and tracks live on Midnight Melodies with Nair.,2026-06-19 19:47:06,2026-06-19 20:47:06,2026-06-19 19:55:06,2026-06-19 21:22:06,cancelled
9ac93578-98b0-49d0-8921-7b9dbfd0b3d2,6db0ed3c-4d6e-4f2a-bfe7-cbe285a560cc,Chai & Talk with Sharma,Catch the latest trends and tracks live on Chai & Talk with Sharma.,2026-06-19 19:47:31,2026-06-19 20:47:31,2026-06-19 19:47:31,2026-06-19 23:06:31,live
07fa4b05-1aae-423f-8985-f51d8cfed5e5,0513753f-e25e-45da-a7ce-d09f70f6941a,Retro Rewind with Reddy,Catch the latest trends and tracks live on Retro Rewind with Reddy.,2026-06-19 19:48:40,2026-06-19 20:48:40,2026-06-19 19:48:40,2026-06-19 20:26:40,live
ffa19070-fff6-4510-a4d4-72ce05570ad8,8edfeba7-7dd5-4b79-874c-0b165e218f7c,Midnight Melodies with Sharma,Catch the latest trends and tracks live on Midnight Melodies with Sharma.,2026-06-19 19:48:58,2026-06-19 20:48:58,2026-06-19 19:48:58,2026-06-19 21:22:58,live
2597b379-1ae5-446b-9232-109b04cbf114,95e4ce60-0826-4a08-9be0-99cafa40a30c,Midnight Melodies with Reddy,Catch the latest trends and tracks live on Midnight Melodies with Reddy.,2026-06-19 19:50:18,2026-06-19 20:50:18,2026-06-19 19:50:18,2026-06-19 19:50:18,completed
674f9b1b-7abc-4d35-9c4c-f6080a9a34a1,06f714f6-e25f-40cc-a8d7-8410775eeb3e,Retro Rewind with Jenkins,Catch the latest trends and tracks live on Retro Rewind with Jenkins.,2026-06-19 19:51:43,2026-06-19 20:51:43,2026-06-19 19:51:43,2026-06-19 21:11:43,live
fddba67d-5218-4846-a755-75c0c82dca8a,ef04b927-faba-4c08-b66f-5fd4117ba14a,Morning Beats with Reddy,Catch the latest trends and tracks live on Morning Beats with Reddy.,2026-06-19 19:51:56,2026-06-19 20:51:56,2026-06-19 19:52:56,2026-06-19 22:31:56,scheduled
8be3a979-6cc3-494b-90ed-2e683cd7b1f6,b0b19e83-9207-4fdc-9a53-438a8a2df2af,Retro Rewind with Kumar,Catch the latest trends and tracks live on Retro Rewind with Kumar.,2026-06-19 19:52:12,2026-06-19 20:52:12,2026-06-19 19:50:12,2026-06-19 22:55:12,scheduled
d1653d31-d030-455f-bc01-f4e254d31569,b215c1dc-e8b6-48f6-8d8f-c9609d33b4c9,Rock Block with Sen,Catch the latest trends and tracks live on Rock Block with Sen.,2026-06-19 19:53:13,2026-06-19 20:53:13,2026-06-19 19:51:13,2026-06-19 23:36:13,cancelled
6aaaece9-ddfa-444c-a692-96d4b550c90c,6db0ed3c-4d6e-4f2a-bfe7-cbe285a560cc,Chai & Talk with Sharma,Catch the latest trends and tracks live on Chai & Talk with Sharma.,2026-06-19 19:53:25,2026-06-19 20:53:25,2026-06-19 20:08:25,2026-06-19 22:32:25,cancelled
61090451-6927-4f44-8b43-6461912714f5,05a4beaa-db6f-4d04-9efc-5db87e15d605,Chai & Talk with Rogers,Catch the latest trends and tracks live on Chai & Talk with Rogers.,2026-06-19 19:55:04,2026-06-19 20:55:04,2026-06-19 20:07:04,2026-06-19 21:32:04,scheduled
6354f636-7d65-48dd-9487-174b6276c762,c29bf6d4-e07d-413e-be13-6500f75239a0,Rock Block with Reddy,Catch the latest trends and tracks live on Rock Block with Reddy.,2026-06-19 19:55:17,2026-06-19 20:55:17,2026-06-19 19:55:17,2026-06-19 19:55:17,completed
7be36888-2f98-4f03-9a90-a43dd6ea1dab,5e711f90-8f07-465c-8748-aa016bbce342,Retro Rewind with Reddy,Catch the latest trends and tracks live on Retro Rewind with Reddy.,2026-06-19 19:55:23,2026-06-19 20:55:23,2026-06-19 19:57:23,2026-06-19 22:54:23,cancelled
624b00fc-48f6-47a0-b74b-8d3ee8eb2242,e7aa8fbd-26f5-4e77-be7f-7c9522bb7e2d,Chai & Talk with Jenkins,Catch the latest trends and tracks live on Chai & Talk with Jenkins.,2026-06-19 19:57:31,2026-06-19 20:57:31,2026-06-19 20:09:31,2026-06-19 20:44:31,scheduled
4a378ebf-136b-4948-ac1d-f5e4d5506f3d,4ff8b10b-8b5a-4c7f-a139-757b12a82e1f,Midnight Melodies with Sharma,Catch the latest trends and tracks live on Midnight Melodies with Sharma.,2026-06-19 19:58:32,2026-06-19 20:58:32,2026-06-19 20:02:32,2026-06-19 22:34:32,cancelled
e61eb6e6-ea28-4503-a722-8333f9d3760c,1a8403b1-f50a-4c58-92d2-233e9c4884f2,Rock Block with Chang,Catch the latest trends and tracks live on Rock Block with Chang.,2026-06-19 19:59:06,2026-06-19 20:59:06,2026-06-19 20:02:06,2026-06-19 21:07:06,scheduled
6fedec6c-e5d7-44b7-9bba-ad5fde7f2fb6,2c4872c1-dec5-4dfa-896d-3304d5344a73,Chai & Talk with Nair,Catch the latest trends and tracks live on Chai & Talk with Nair.,2026-06-19 19:59:43,2026-06-19 20:59:43,2026-06-19 19:59:43,2026-06-19 19:59:43,completed
47e812a2-c594-4bf2-8c60-a2b4cd0c3dd5,b5efcef6-37ad-46a9-9f00-d04628e7c040,Midnight Melodies with Rogers,Catch the latest trends and tracks live on Midnight Melodies with Rogers.,2026-06-19 20:00:02,2026-06-19 21:00:02,2026-06-19 20:04:02,2026-06-19 21:19:02,cancelled
4e073f6c-2375-42aa-8406-44e2b93739e8,c6102f3b-80a8-45c0-b7d6-e41c97d2caf7,Midnight Melodies with Jenkins,Catch the latest trends and tracks live on Midnight Melodies with Jenkins.,2026-06-19 20:01:05,2026-06-19 21:01:05,2026-06-19 20:01:05,2026-06-19 23:25:05,scheduled
35ceb17e-e65a-45c1-9628-a39150e4e421,860a6ae9-8aee-4e46-848d-f361ea87c3f2,Retro Rewind with Nair,Catch the latest trends and tracks live on Retro Rewind with Nair.,2026-06-19 20:02:08,2026-06-19 21:02:08,2026-06-19 20:07:08,2026-06-19 22:36:08,cancelled
98500d5e-821e-4467-ac8b-5ed5bf5a44a6,5aa5fa39-f73e-4db3-b937-a4618fed6b47,Chai & Talk with Sen,Catch the latest trends and tracks live on Chai & Talk with Sen.,2026-06-19 20:03:03,2026-06-19 21:03:03,2026-06-19 19:58:03,2026-06-19 20:34:03,cancelled
3e7dcba9-9c93-4147-b560-3faf143b1a97,51fd2897-d523-44ac-bacf-eccac33a9d4a,Morning Beats with Jenkins,Catch the latest trends and tracks live on Morning Beats with Jenkins.,2026-06-19 20:03:59,2026-06-19 21:03:59,2026-06-19 20:17:59,2026-06-19 20:48:59,cancelled
0f61709d-b52f-4a9a-b3ac-5654e3fc9f56,ff9a074d-ba85-4144-a394-78b60830d9de,Morning Beats with Reddy,Catch the latest trends and tracks live on Morning Beats with Reddy.,2026-06-19 20:04:47,2026-06-19 21:04:47,2026-06-19 20:04:47,2026-06-19 20:04:47,completed
cef05ddd-7693-4d10-9717-a42439c04fc5,50adf423-5933-4abb-a65c-c7c5b7b8cc41,Rock Block with Sharma,Catch the latest trends and tracks live on Rock Block with Sharma.,2026-06-19 20:05:08,2026-06-19 21:05:08,2026-06-19 20:17:08,2026-06-19 21:28:08,scheduled
046c9001-12b5-4bed-bdcc-1d2486980bf9,d7e38b7d-0c4b-4106-9e58-08abdb0c0809,Midnight Melodies with Sen,Catch the latest trends and tracks live on Midnight Melodies with Sen.,2026-06-19 20:06:01,2026-06-19 21:06:01,2026-06-19 20:06:01,2026-06-19 20:06:01,completed
8c266ae7-4cde-466d-97a4-3ba95ef65dfa,cb225c68-5270-4320-bf38-8a0e08120070,Morning Beats with Sharma,Catch the latest trends and tracks live on Morning Beats with Sharma.,2026-06-19 20:09:00,2026-06-19 21:09:00,2026-06-19 20:09:00,2026-06-19 20:09:00,completed
4e5cff0f-9fbd-46a4-af22-e04955b5676f,6ae1f129-9c6d-4711-aa63-83bfe3e2cc9a,Rock Block with Reddy,Catch the latest trends and tracks live on Rock Block with Reddy.,2026-06-19 20:09:07,2026-06-19 21:09:07,2026-06-19 20:09:07,2026-06-19 23:43:07,live
411c6183-a9eb-4165-a1c2-c387e4208c74,74a568f5-e79f-4024-8c0b-a1c0e9d62ba7,Chai & Talk with Kumar,Catch the latest trends and tracks live on Chai & Talk with Kumar.,2026-06-19 22:32:45,2026-06-19 23:32:45,2026-06-19 22:40:45,2026-06-19 23:00:45,scheduled
2e8e698d-94a7-4197-845b-4dce7215910b,74a568f5-e79f-4024-8c0b-a1c0e9d62ba7,Retro Rewind with Kumar,Catch the latest trends and tracks live on Retro Rewind with Kumar.,2026-06-19 22:33:03,2026-06-19 23:33:03,2026-06-19 22:32:03,2026-06-19 23:09:03,scheduled
1036eec0-ed40-411b-a3de-274bcc9f5c06,7a90a8ad-7ea0-48eb-bf05-2e22c6bf2646,Chai & Talk with Sharma,Catch the latest trends and tracks live on Chai & Talk with Sharma.,2026-06-19 22:35:00,2026-06-19 23:35:00,2026-06-19 22:35:00,2026-06-19 22:35:00,completed
bdc9db54-d01a-4e20-83a3-879faa0f5c8e,f2e5cbf5-be7c-41cb-af93-5b8ebd47d9d7,Rock Block with Sen,Catch the latest trends and tracks live on Rock Block with Sen.,2026-06-19 22:57:16,2026-06-19 23:57:16,2026-06-19 23:10:16,2026-06-20 02:31:16,cancelled
9cdf1377-aba2-4651-99ec-0244dac24e3d,f2e5cbf5-be7c-41cb-af93-5b8ebd47d9d7,Retro Rewind with Sen,Catch the latest trends and tracks live on Retro Rewind with Sen.,2026-06-19 22:57:32,2026-06-19 23:57:32,2026-06-19 22:57:32,2026-06-20 01:08:32,live
c64d1696-de2c-45ac-b64a-05000ce65304,8da771ae-19ab-4774-b003-c1d68185cbb6,Rock Block with Sen,Catch the latest trends and tracks live on Rock Block with Sen.,2026-06-19 22:59:58,2026-06-19 23:59:58,2026-06-19 22:59:58,2026-06-19 22:59:58,completed
80c7ee6e-ed79-439b-b002-e47132258390,79eb4c62-de3b-4920-9649-6162e83dcdbe,Morning Beats with Nair,Catch the latest trends and tracks live on Morning Beats with Nair.,2026-06-19 23:16:06,2026-06-20 00:16:06,2026-06-19 23:16:06,2026-06-20 02:42:06,scheduled
